-0.002500	0.001113	0.001841	0.002189	0.002237	0.000384	0.001367	-0.001332	-0.001104	0.000412	-0.002247	-0.001277	0.000765	0.001068	-0.001644	-0.001340	-0.000599	-0.001274	0.000034	0.000362	-0.001891	-0.000353	0.001279	0.002410	0.000512	-0.001865	-0.001382	-0.001929	0.001773	0.001085	0.001699	-0.000504	-0.000029	-0.001879	-0.000896	0.001718	0.000220	-0.000357	0.002059	0.001391	-0.002006	0.002298	-0.000837	0.001407	0.000668	0.000627	0.000702	0.002393	0.001538	0.000778	-0.000251	0.001271	-0.001358	-0.000697	0.001862	0.001427	0.000488	-0.001861	0.001736	-0.000011	0.001363	0.002196	0.002340	-0.002392	-0.001298	0.000285	0.002474	0.001991	0.001876	0.000032	0.000178	-0.001320	-0.001392	0.001841	-0.000930	-0.000339	0.002021	0.001268	-0.000393	0.001493	0.002392	0.000573	0.001547	-0.000458	-0.000814	-0.000569	0.001478	-0.001137	0.001630	-0.002063	-0.001018	0.001210	-0.002417	-0.001115	-0.002065	0.001965	-0.001469	-0.001578	-0.001724	0.000392	0.000773	-0.001712	0.001753	-0.001094	0.002229	-0.000128	0.000698	0.000353	-0.001080	0.001694	-0.001438	-0.000803	-0.002112	0.000739	-0.002283	0.001625	-0.000902	0.001962	-0.001426	-0.000291	0.001642	0.002492	-0.000798	0.002104	0.000417	-0.000603	0.002344	0.000221	0.000524	0.001537	-0.002313	0.002164	0.002215	-0.000437	0.000414	0.001926	-0.000859	0.001389	-0.001946	-0.001346	-0.001959	0.000587	-0.000041	0.002368	0.002195	0.002340	-0.000087	-0.002443	0.001449	0.000220	0.001282	-0.000761	-0.001932	-0.001550	-0.002401	-0.000395	-0.000887	-0.000362	-0.002118	-0.001150	-0.000933	0.001424	-0.002353	-0.002457	-0.001184	0.002297	-0.001975	-0.001872	0.001666	-0.002154	-0.002485	0.002090	0.001569	0.002200	-0.002029	-0.000697	0.000471	0.001729	-0.001991	0.002406	0.000844	0.001497	-0.002428	-0.001019	0.000578	0.001312	-0.001164	0.001183	0.001553	-0.001762	0.001608	0.002045	0.000171	0.000753	-0.001915	0.001355	-0.002092	0.002369	0.001992	0.001177
-0.011542	0.012133	-0.013871	0.011589	0.011429	0.010927	0.014660	0.012113	0.014611	0.011671	-0.011723	0.015611	0.000287	0.013054	-0.014038	0.011043	0.014720	0.011993	-0.014413	-0.014097	0.014572	0.015900	-0.011872	0.012359	0.014707	-0.012038	-0.011102	0.013700	-0.014561	-0.012190	-0.014137	0.012747	0.014951	0.010864	-0.012405	-0.014603	-0.013566	-0.014750	0.014091	0.011522	0.011366	-0.014461	0.015269	-0.014338	0.012057	0.011444	0.014480	-0.011658	0.015336	-0.014605	-0.014544	-0.014969	0.011934	-0.015226	-0.011347	-0.013888	-0.014760	-0.014613	-0.012344	0.012750	0.015747	-0.012075	-0.011662	-0.014567	0.011802	0.014135	-0.014204	0.014692	-0.014415	-0.014014	0.012091	0.014503	0.011825	-0.014745	-0.014565	-0.012872	-0.012081	-0.011848	-0.014008	-0.014110	-0.015162	0.014763	-0.011982	-0.011960	-0.014486	-0.010247	0.015148	0.014661	-0.014883	-0.011108	-0.015085	0.012538	0.012197	0.015094	-0.014298	0.012137	0.012293	-0.011496	0.014511	-0.014357	-0.012465	-0.013709	0.013912	0.012092	0.011612	0.014662	-0.012014	-0.014301	0.015762	-0.014496	-0.014358	-0.011240	0.014513	0.014702	0.015101	0.014827	0.014094	0.014778	0.014271	0.010994	0.011131	0.014130	-0.011704	-0.012974	-0.014227	-0.011496	0.011395	0.010732	-0.014660	0.012817	-0.011509	-0.014477	0.014130	0.011537	-0.013060	-0.014720	0.014448	-0.010744	-0.011609	-0.012804	0.015438	0.013870	0.014105	-0.014387	-0.012015	-0.014280	0.012224	0.015205	0.014806	0.014122	0.014338	0.012727	0.011314	-0.011895	-0.014916	-0.013915	0.013814	-0.011260	0.014471	-0.012648	-0.014787	0.012328	-0.011783	0.013161	0.014820	-0.014354	0.012694	-0.012269	-0.012324	0.010914	-0.014011	-0.014016	0.014230	0.014070	0.011828	0.011422	0.014220	-0.014208	-0.014266	0.011262	0.013854	-0.012452	0.015000	-0.015302	0.014600	-0.012535	-0.011698	-0.011899	-0.015256	-0.011328	-0.011707	0.011843	0.012422	0.011453	-0.013046	0.012762	0.014127	-0.012415	-0.013993	-0.014971
-0.011909	0.012273	-0.014375	0.011915	0.011794	0.011241	0.014869	0.011115	0.014331	0.011322	-0.011855	0.015341	0.001439	0.012575	-0.014461	0.011487	0.014716	0.012065	-0.014600	-0.014098	0.014948	0.015444	-0.012687	0.012424	0.014874	-0.012289	-0.011603	0.014248	-0.014680	-0.012224	-0.014300	0.012667	0.014932	0.011110	-0.012419	-0.014964	-0.013350	-0.014783	0.014642	0.011693	0.011489	-0.014801	0.015082	-0.014870	0.012012	0.012012	0.014656	-0.012544	0.015204	-0.014861	-0.014643	-0.015200	0.012227	-0.015035	-0.011910	-0.014437	-0.014894	-0.014739	-0.012203	0.011973	0.015237	-0.012275	-0.011505	-0.014662	0.012200	0.014570	-0.014917	0.014733	-0.014506	-0.014141	0.012339	0.014967	0.012240	-0.014979	-0.014595	-0.013142	-0.012715	-0.012324	-0.014456	-0.014674	-0.015133	0.015043	-0.012601	-0.012207	-0.014565	-0.011253	0.014894	0.014704	-0.014975	-0.011049	-0.015109	0.012748	0.012060	0.015147	-0.014706	0.012216	0.012491	-0.011529	0.014824	-0.014689	-0.012932	-0.013445	0.014348	0.012521	0.011960	0.014577	-0.012119	-0.014300	0.015430	-0.014754	-0.014661	-0.011852	0.014927	0.014893	0.015051	0.014874	0.013382	0.014951	0.014592	0.011510	0.011806	0.014440	-0.012220	-0.013101	-0.014526	-0.012329	0.011618	0.010615	-0.014856	0.013132	-0.011876	-0.014671	0.014595	0.011975	-0.013008	-0.014990	0.014745	-0.010921	-0.012092	-0.013187	0.015341	0.014297	0.014209	-0.014608	-0.012416	-0.014582	0.011719	0.015225	0.015156	0.014286	0.014513	0.012774	0.011772	-0.012141	-0.014973	-0.014321	0.014200	-0.011930	0.014762	-0.012861	-0.015081	0.012728	-0.012419	0.013434	0.014721	-0.014375	0.012190	-0.011699	-0.012399	0.010810	-0.014413	-0.014232	0.014535	0.014489	0.011782	0.011682	0.014335	-0.014673	-0.014467	0.011941	0.013722	-0.012785	0.014908	-0.015171	0.015026	-0.012736	-0.012250	-0.012057	-0.015037	-0.011445	-0.011801	0.012257	0.012989	0.011585	-0.012650	0.012304	0.014480	-0.012477	-0.014151	-0.015089
-0.011822	0.012465	-0.013967	0.011913	0.011887	0.011436	0.014722	0.011673	0.014220	0.011407	-0.011770	0.015351	0.001199	0.012725	-0.014097	0.011181	0.014564	0.012227	-0.013890	-0.013887	0.014433	0.015658	-0.012193	0.012214	0.014751	-0.012354	-0.011652	0.013984	-0.014657	-0.012432	-0.013786	0.012248	0.014779	0.011237	-0.012616	-0.014804	-0.013448	-0.014940	0.014300	0.011761	0.011524	-0.014214	0.015085	-0.014653	0.012276	0.011706	0.014330	-0.011958	0.015105	-0.014926	-0.014431	-0.014920	0.012398	-0.015068	-0.011726	-0.014339	-0.014735	-0.014435	-0.012628	0.012185	0.015853	-0.012404	-0.011812	-0.014478	0.011934	0.014303	-0.014618	0.014578	-0.014150	-0.014051	0.012346	0.014675	0.012395	-0.014854	-0.014436	-0.012506	-0.012298	-0.012405	-0.014023	-0.014401	-0.015316	0.014476	-0.012129	-0.011996	-0.014266	-0.010982	0.014769	0.014310	-0.014946	-0.011085	-0.015167	0.012481	0.012196	0.015168	-0.014546	0.012130	0.012456	-0.011343	0.014412	-0.014540	-0.012348	-0.013576	0.013989	0.012474	0.012052	0.014538	-0.012327	-0.013834	0.015342	-0.014582	-0.014484	-0.011408	0.014575	0.014779	0.015106	0.014498	0.013427	0.014903	0.014174	0.011427	0.011619	0.013977	-0.012103	-0.012801	-0.014215	-0.012271	0.012047	0.010980	-0.014572	0.012813	-0.011940	-0.014367	0.014202	0.011755	-0.012949	-0.014962	0.014318	-0.010947	-0.011842	-0.012906	0.015297	0.014017	0.014044	-0.014553	-0.012366	-0.014531	0.012320	0.015214	0.014935	0.014166	0.014202	0.012897	0.011909	-0.012162	-0.014804	-0.014135	0.013811	-0.011867	0.014386	-0.012943	-0.015062	0.012243	-0.011948	0.013336	0.014744	-0.014291	0.012256	-0.012079	-0.012413	0.011022	-0.013964	-0.013916	0.014406	0.014329	0.011849	0.011801	0.014083	-0.014614	-0.014132	0.011597	0.013832	-0.012590	0.015069	-0.014857	0.014939	-0.012722	-0.011687	-0.011921	-0.015091	-0.011910	-0.011943	0.012347	0.012139	0.011556	-0.012805	0.012539	0.014143	-0.012546	-0.013955	-0.014787
-0.011505	0.011935	-0.013783	0.011835	0.011344	0.011238	0.014442	0.011554	0.014205	0.011187	-0.011851	0.015080	0.001099	0.012273	-0.013745	0.011272	0.014270	0.012892	-0.013942	-0.013790	0.014424	0.015418	-0.012343	0.012307	0.014395	-0.012266	-0.010979	0.013596	-0.014428	-0.012262	-0.014250	0.012427	0.014296	0.011197	-0.012632	-0.014229	-0.013759	-0.014366	0.014007	0.011408	0.010988	-0.014171	0.014666	-0.014220	0.011776	0.011773	0.014225	-0.011686	0.014692	-0.014361	-0.013991	-0.014482	0.012431	-0.014782	-0.011797	-0.013923	-0.014385	-0.014240	-0.012516	0.012277	0.015000	-0.012769	-0.012159	-0.014096	0.011666	0.013972	-0.014362	0.014128	-0.014273	-0.013845	0.012037	0.014297	0.012150	-0.014253	-0.014189	-0.013147	-0.011868	-0.011745	-0.013692	-0.014151	-0.014633	0.014150	-0.012115	-0.011929	-0.014385	-0.010906	0.014915	0.014349	-0.014431	-0.011469	-0.014604	0.012562	0.012067	0.015212	-0.013959	0.011955	0.012727	-0.011456	0.014317	-0.013970	-0.012879	-0.014160	0.013753	0.012658	0.011762	0.014131	-0.012531	-0.013646	0.015380	-0.014339	-0.014318	-0.011974	0.014206	0.014561	0.014674	0.014258	0.013136	0.014732	0.013915	0.011530	0.011388	0.013744	-0.011760	-0.013187	-0.013959	-0.012208	0.012236	0.010381	-0.014548	0.013671	-0.011585	-0.014129	0.013811	0.011823	-0.013046	-0.014412	0.014139	-0.010126	-0.011856	-0.013507	0.015049	0.013686	0.013736	-0.014057	-0.012081	-0.014076	0.012429	0.014864	0.014615	0.014031	0.014066	0.012312	0.011267	-0.011769	-0.014561	-0.013755	0.013745	-0.011885	0.014420	-0.012853	-0.014750	0.012377	-0.012156	0.013749	0.014534	-0.014081	0.012603	-0.012140	-0.012552	0.010627	-0.013584	-0.013646	0.013797	0.013791	0.011760	0.011580	0.013645	-0.014154	-0.013772	0.011386	0.013969	-0.012247	0.014617	-0.014809	0.014445	-0.012968	-0.011987	-0.012148	-0.014931	-0.010944	-0.012304	0.011776	0.012582	0.011847	-0.012183	0.012674	0.014023	-0.012569	-0.013702	-0.014461
-0.012233	0.012466	-0.014323	0.011843	0.011541	0.011915	0.015151	0.012149	0.014319	0.011546	-0.012161	0.015710	0.000568	0.013368	-0.014381	0.011687	0.015018	0.011953	-0.014572	-0.014148	0.014354	0.015697	-0.011978	0.012635	0.015093	-0.012051	-0.012020	0.014359	-0.014382	-0.012552	-0.014230	0.012800	0.015278	0.011198	-0.012889	-0.014916	-0.013443	-0.015145	0.014457	0.012157	0.011602	-0.014451	0.015138	-0.014544	0.012699	0.011825	0.014776	-0.011849	0.015155	-0.015185	-0.014904	-0.015477	0.012264	-0.015102	-0.011731	-0.014414	-0.015034	-0.014601	-0.012369	0.012841	0.015529	-0.012568	-0.011275	-0.014765	0.012293	0.014434	-0.014496	0.014692	-0.014424	-0.014209	0.012373	0.014747	0.012393	-0.014828	-0.014472	-0.012654	-0.012477	-0.011732	-0.014318	-0.014525	-0.014898	0.014986	-0.011897	-0.011655	-0.014470	-0.010112	0.015198	0.014862	-0.015189	-0.011441	-0.014841	0.012730	0.012894	0.015019	-0.014813	0.011840	0.012400	-0.011831	0.014557	-0.014558	-0.012549	-0.013540	0.014443	0.012032	0.012147	0.014872	-0.012114	-0.014364	0.015640	-0.014625	-0.014788	-0.011899	0.014975	0.014721	0.015232	0.014737	0.013824	0.014842	0.014350	0.010924	0.012056	0.014307	-0.012459	-0.012928	-0.014195	-0.011775	0.011970	0.011007	-0.014653	0.012586	-0.011712	-0.014672	0.014600	0.012171	-0.013259	-0.015087	0.014716	-0.011160	-0.011269	-0.012522	0.015452	0.014455	0.014280	-0.014692	-0.012069	-0.014447	0.012067	0.015285	0.015172	0.014192	0.014234	0.012068	0.011566	-0.012392	-0.015157	-0.014317	0.014143	-0.011593	0.014332	-0.012984	-0.015017	0.012612	-0.011401	0.013242	0.015041	-0.014679	0.012815	-0.012214	-0.012711	0.011038	-0.014280	-0.014442	0.014624	0.014460	0.011715	0.011799	0.014600	-0.014938	-0.014481	0.011118	0.013791	-0.013047	0.015139	-0.014966	0.015213	-0.012237	-0.011121	-0.012540	-0.015272	-0.011095	-0.011181	0.012709	0.012661	0.011235	-0.012902	0.012871	0.014394	-0.012691	-0.014453	-0.015100
-0.012352	0.012549	-0.014225	0.011933	0.011707	0.011554	0.014548	0.011958	0.014549	0.011138	-0.011892	0.015227	0.002664	0.012827	-0.014258	0.011618	0.014756	0.012491	-0.014230	-0.013957	0.014348	0.015261	-0.011899	0.012374	0.014612	-0.011664	-0.011628	0.014214	-0.014529	-0.012829	-0.014246	0.012435	0.014233	0.011543	-0.012473	-0.014558	-0.013884	-0.014833	0.014276	0.012256	0.011546	-0.014473	0.014914	-0.013931	0.012586	0.011845	0.014688	-0.011152	0.014740	-0.014695	-0.014073	-0.014456	0.012711	-0.014208	-0.011568	-0.014271	-0.014597	-0.014261	-0.011934	0.012606	0.015287	-0.012762	-0.011940	-0.014247	0.011974	0.014229	-0.013974	0.014589	-0.014201	-0.014127	0.011975	0.014452	0.012487	-0.014496	-0.014270	-0.012059	-0.012063	-0.011438	-0.014208	-0.014194	-0.014827	0.014548	-0.011605	-0.011804	-0.013607	-0.010429	0.014653	0.014402	-0.014734	-0.011070	-0.014603	0.012280	0.012717	0.015106	-0.014394	0.011385	0.012365	-0.011534	0.014438	-0.014265	-0.012322	-0.013849	0.014292	0.012380	0.011816	0.014440	-0.012527	-0.014119	0.015101	-0.014494	-0.014525	-0.012186	0.014342	0.014575	0.014847	0.014328	0.013312	0.014714	0.014305	0.011301	0.011714	0.013952	-0.012450	-0.013495	-0.014161	-0.012043	0.012086	0.010934	-0.014605	0.013574	-0.011765	-0.014472	0.014412	0.012374	-0.013442	-0.014606	0.014200	-0.010639	-0.012004	-0.013452	0.014957	0.014236	0.014350	-0.014469	-0.012297	-0.014513	0.011940	0.015009	0.014804	0.014370	0.014144	0.012198	0.011406	-0.012127	-0.014898	-0.014111	0.013888	-0.012152	0.014401	-0.012672	-0.014595	0.012193	-0.011222	0.013624	0.014965	-0.014611	0.013075	-0.012112	-0.012660	0.010967	-0.014008	-0.013961	0.013999	0.014424	0.011959	0.012068	0.013891	-0.014365	-0.014164	0.011309	0.014166	-0.012700	0.014807	-0.015075	0.014733	-0.012127	-0.011411	-0.012534	-0.015134	-0.011109	-0.011350	0.011952	0.012028	0.011546	-0.012494	0.012850	0.014109	-0.012623	-0.014097	-0.014681
-0.012451	0.013052	-0.014359	0.012255	0.012012	0.010764	0.015118	0.011757	0.014454	0.011651	-0.012274	0.015486	0.001039	0.012833	-0.014207	0.011700	0.014634	0.012168	-0.014408	-0.014724	0.014379	0.015555	-0.012563	0.012594	0.015145	-0.012616	-0.011749	0.014119	-0.014340	-0.012731	-0.014375	0.013011	0.015668	0.011357	-0.012966	-0.014782	-0.013238	-0.015170	0.014546	0.012561	0.011931	-0.014464	0.015530	-0.014539	0.013097	0.012058	0.014499	-0.011777	0.015315	-0.014939	-0.015017	-0.015512	0.012841	-0.015091	-0.011950	-0.014583	-0.014606	-0.014777	-0.012954	0.012832	0.015712	-0.012991	-0.011773	-0.015271	0.012535	0.014473	-0.014439	0.014641	-0.014292	-0.014470	0.013025	0.015002	0.012712	-0.015160	-0.014485	-0.012478	-0.012695	-0.012372	-0.014279	-0.014503	-0.014760	0.014762	-0.012448	-0.012411	-0.014245	-0.010475	0.014900	0.014952	-0.015220	-0.011323	-0.015112	0.012796	0.012593	0.015058	-0.014860	0.011825	0.012813	-0.012095	0.014777	-0.014286	-0.013197	-0.013608	0.014482	0.012581	0.012239	0.014908	-0.012988	-0.014241	0.015691	-0.014888	-0.014574	-0.011526	0.014671	0.014910	0.015382	0.014653	0.013263	0.014812	0.014499	0.011015	0.012579	0.014574	-0.012611	-0.012786	-0.014277	-0.012334	0.012399	0.011202	-0.014550	0.012699	-0.011996	-0.014623	0.014338	0.012501	-0.013079	-0.014978	0.014768	-0.011013	-0.011256	-0.012885	0.015693	0.014700	0.014556	-0.014475	-0.012727	-0.014645	0.012626	0.015162	0.014782	0.014203	0.014444	0.011996	0.011887	-0.012805	-0.015246	-0.014596	0.014361	-0.011958	0.014371	-0.012924	-0.015237	0.012392	-0.011925	0.013162	0.015102	-0.014720	0.012612	-0.011917	-0.012886	0.010998	-0.014358	-0.014784	0.015080	0.014413	0.011514	0.012784	0.014677	-0.014983	-0.014887	0.011206	0.013900	-0.013186	0.015104	-0.014712	0.015078	-0.012061	-0.011441	-0.012669	-0.015396	-0.011611	-0.012427	0.012941	0.012608	0.011592	-0.012656	0.013358	0.014213	-0.012651	-0.014730	-0.015075
-0.011887	0.012024	-0.014022	0.012389	0.012260	0.011085	0.014464	0.011465	0.014672	0.012057	-0.011757	0.015210	0.001494	0.011832	-0.014148	0.011458	0.014442	0.013359	-0.014130	-0.014201	0.014948	0.015407	-0.012693	0.011763	0.014587	-0.012657	-0.010999	0.013910	-0.014592	-0.011998	-0.014534	0.011961	0.014170	0.011530	-0.012612	-0.014709	-0.014275	-0.014724	0.014399	0.012185	0.011849	-0.014654	0.014852	-0.014461	0.011362	0.012183	0.014389	-0.012295	0.015181	-0.014507	-0.013811	-0.014240	0.012838	-0.015081	-0.011906	-0.014277	-0.014598	-0.014641	-0.012421	0.012226	0.015166	-0.012316	-0.012130	-0.014201	0.012004	0.014343	-0.014921	0.014302	-0.014184	-0.014251	0.012602	0.014662	0.012162	-0.014731	-0.014557	-0.013412	-0.012330	-0.011907	-0.014223	-0.014424	-0.014931	0.014537	-0.012679	-0.012924	-0.014132	-0.011352	0.014847	0.014441	-0.014642	-0.010761	-0.014885	0.012403	0.011754	0.015647	-0.014426	0.012544	0.012821	-0.011866	0.014766	-0.014287	-0.012955	-0.014161	0.014092	0.012923	0.011845	0.014349	-0.012458	-0.014127	0.015156	-0.014849	-0.014287	-0.012214	0.014324	0.014648	0.014928	0.014526	0.012598	0.015149	0.014169	0.012049	0.012129	0.014174	-0.012055	-0.013760	-0.014385	-0.012810	0.012263	0.010626	-0.014637	0.014213	-0.012148	-0.014500	0.014050	0.012283	-0.013294	-0.014726	0.014276	-0.009656	-0.012536	-0.013995	0.014822	0.013995	0.013998	-0.014489	-0.012370	-0.014423	0.011877	0.014921	0.014675	0.014098	0.014357	0.012131	0.011187	-0.011507	-0.014438	-0.014344	0.014309	-0.012505	0.014951	-0.012873	-0.014760	0.012421	-0.012503	0.014062	0.014168	-0.014126	0.012483	-0.011980	-0.012006	0.011197	-0.014167	-0.014097	0.014032	0.014357	0.011988	0.011487	0.013922	-0.014432	-0.014035	0.011848	0.014295	-0.012314	0.014821	-0.014981	0.014522	-0.013050	-0.012338	-0.012137	-0.015139	-0.011901	-0.011824	0.011930	0.012645	0.012932	-0.011713	0.011571	0.014134	-0.012224	-0.014021	-0.014638
-0.011520	0.012387	-0.013580	0.012017	0.011961	0.010414	0.014410	0.010739	0.013951	0.010979	-0.011924	0.014491	0.001224	0.012437	-0.013947	0.010664	0.014513	0.012618	-0.013866	-0.013739	0.014096	0.014899	-0.011863	0.012117	0.013995	-0.011798	-0.010973	0.013662	-0.014359	-0.012144	-0.014177	0.012348	0.014417	0.011141	-0.012276	-0.014438	-0.013519	-0.014559	0.013834	0.011451	0.011389	-0.014268	0.014826	-0.013815	0.011711	0.011592	0.014145	-0.011919	0.014464	-0.014183	-0.014011	-0.014382	0.012425	-0.014511	-0.010925	-0.013685	-0.014280	-0.014026	-0.011976	0.012161	0.014624	-0.012385	-0.011515	-0.014107	0.011718	0.013943	-0.014164	0.014030	-0.014217	-0.013427	0.012256	0.014128	0.012253	-0.014297	-0.014117	-0.011617	-0.011740	-0.011122	-0.013957	-0.013647	-0.014454	0.014506	-0.011583	-0.012063	-0.013616	-0.009976	0.014760	0.013953	-0.014335	-0.010486	-0.014535	0.012792	0.012133	0.015000	-0.013942	0.011693	0.012847	-0.011791	0.013948	-0.013756	-0.012310	-0.013542	0.013793	0.012548	0.011785	0.014176	-0.012387	-0.013881	0.015208	-0.014324	-0.013761	-0.011254	0.013973	0.014524	0.014541	0.014085	0.013380	0.014486	0.013847	0.010719	0.011591	0.013913	-0.011721	-0.013044	-0.014048	-0.011707	0.011443	0.010315	-0.014531	0.013074	-0.011825	-0.013867	0.013847	0.012293	-0.013133	-0.014434	0.013910	-0.010091	-0.011688	-0.012833	0.015049	0.013522	0.013823	-0.014298	-0.012052	-0.014108	0.011751	0.014836	0.014174	0.013935	0.013938	0.012272	0.011679	-0.011657	-0.014134	-0.013812	0.013551	-0.011700	0.013915	-0.012706	-0.014559	0.012633	-0.011617	0.013483	0.014103	-0.013903	0.012012	-0.011471	-0.012431	0.010003	-0.013605	-0.013793	0.014060	0.014066	0.011271	0.011546	0.013955	-0.014131	-0.014025	0.011265	0.013800	-0.012246	0.014744	-0.014459	0.014312	-0.012592	-0.011863	-0.011947	-0.014718	-0.011013	-0.011827	0.011524	0.012271	0.011609	-0.012529	0.011957	0.013642	-0.012445	-0.013698	-0.014370
-0.011902	0.012425	-0.013851	0.012249	0.012033	0.010447	0.014624	0.010905	0.014287	0.012611	-0.012158	0.015173	0.000813	0.012510	-0.014110	0.010473	0.014319	0.012745	-0.014128	-0.013933	0.014827	0.015408	-0.012204	0.012002	0.014465	-0.012217	-0.010942	0.013892	-0.014758	-0.012081	-0.013925	0.012424	0.014881	0.010991	-0.012717	-0.014561	-0.013456	-0.014563	0.014327	0.011387	0.011959	-0.014266	0.015088	-0.014582	0.012142	0.012081	0.014443	-0.012504	0.015005	-0.014605	-0.014313	-0.014956	0.012114	-0.014990	-0.011617	-0.014065	-0.014668	-0.014526	-0.012387	0.011720	0.014931	-0.012609	-0.011229	-0.014458	0.012213	0.014533	-0.014445	0.014651	-0.014502	-0.013781	0.012279	0.014485	0.011902	-0.014598	-0.014572	-0.012768	-0.011860	-0.012041	-0.014260	-0.014393	-0.015189	0.014649	-0.012292	-0.012604	-0.013723	-0.010833	0.014953	0.014472	-0.014456	-0.010558	-0.015180	0.013346	0.012104	0.014892	-0.014430	0.012057	0.013024	-0.011932	0.014717	-0.014301	-0.012907	-0.013648	0.014099	0.012731	0.011198	0.014424	-0.012825	-0.014124	0.015445	-0.014390	-0.014377	-0.011161	0.014476	0.014817	0.014888	0.014609	0.013195	0.014892	0.014215	0.010982	0.012491	0.014092	-0.011965	-0.013061	-0.014306	-0.012288	0.011951	0.010874	-0.014684	0.013212	-0.011969	-0.014606	0.014129	0.011864	-0.013172	-0.014601	0.014489	-0.010347	-0.011651	-0.013242	0.015375	0.013944	0.013914	-0.014416	-0.012691	-0.014471	0.011548	0.015076	0.014898	0.014229	0.014181	0.012736	0.012196	-0.011651	-0.014488	-0.014095	0.013664	-0.011595	0.014558	-0.013381	-0.014855	0.012737	-0.012505	0.013422	0.014446	-0.014020	0.012368	-0.010897	-0.012582	0.010040	-0.013840	-0.013948	0.014455	0.014124	0.011468	0.011410	0.014346	-0.014515	-0.014266	0.010834	0.013975	-0.012669	0.014572	-0.014959	0.014720	-0.013113	-0.012223	-0.011744	-0.015115	-0.011964	-0.012385	0.012003	0.012341	0.011451	-0.012101	0.011842	0.014076	-0.012487	-0.013911	-0.014691
-0.011389	0.011722	-0.014237	0.011706	0.011225	0.010655	0.014855	0.011702	0.014505	0.011525	-0.011579	0.015231	0.000620	0.012125	-0.014000	0.011210	0.014570	0.012282	-0.014289	-0.014369	0.014680	0.015378	-0.012182	0.012064	0.014240	-0.012720	-0.010815	0.013947	-0.014420	-0.012114	-0.014231	0.012308	0.014914	0.011247	-0.012437	-0.014660	-0.013557	-0.014836	0.014257	0.011705	0.011235	-0.014679	0.015049	-0.014623	0.011686	0.011612	0.014255	-0.011985	0.015270	-0.014651	-0.014453	-0.014783	0.012151	-0.015050	-0.010455	-0.014387	-0.014431	-0.014512	-0.012563	0.012126	0.015104	-0.012783	-0.011884	-0.014556	0.011951	0.014371	-0.014480	0.014433	-0.013967	-0.014201	0.012458	0.014885	0.012109	-0.014700	-0.014520	-0.012587	-0.012156	-0.012299	-0.014090	-0.014431	-0.014843	0.014700	-0.012401	-0.012271	-0.013953	-0.010861	0.014846	0.014504	-0.014924	-0.010954	-0.015048	0.012226	0.011834	0.015008	-0.014490	0.011977	0.012622	-0.011666	0.014592	-0.014137	-0.012702	-0.013983	0.014285	0.012446	0.012026	0.014613	-0.012180	-0.013831	0.015188	-0.014846	-0.014304	-0.011385	0.014553	0.014760	0.015066	0.014212	0.013191	0.015023	0.014369	0.011567	0.012103	0.014186	-0.011882	-0.013031	-0.014365	-0.012212	0.011978	0.010610	-0.014788	0.013251	-0.011323	-0.014547	0.014128	0.011669	-0.012798	-0.014730	0.014541	-0.009966	-0.011752	-0.013462	0.015174	0.014123	0.014239	-0.014610	-0.012338	-0.014610	0.012070	0.014991	0.014531	0.014231	0.014223	0.011763	0.010824	-0.011836	-0.014687	-0.014371	0.014368	-0.011956	0.014764	-0.012821	-0.014898	0.012297	-0.012046	0.013343	0.014514	-0.014132	0.012631	-0.012223	-0.012026	0.010787	-0.014134	-0.014339	0.014293	0.014418	0.011378	0.011800	0.014349	-0.014526	-0.014091	0.011444	0.014294	-0.012459	0.014999	-0.014577	0.014700	-0.012592	-0.012319	-0.012062	-0.015139	-0.011355	-0.011907	0.012220	0.012193	0.010893	-0.012186	0.012508	0.014065	-0.012110	-0.014227	-0.014886
-0.011945	0.012551	-0.014599	0.012022	0.012331	0.011384	0.014815	0.012783	0.014500	0.011554	-0.011722	0.014688	0.001230	0.011680	-0.013844	0.011730	0.014741	0.012906	-0.013949	-0.014455	0.014928	0.015125	-0.012735	0.011428	0.014155	-0.013423	-0.010759	0.014049	-0.014818	-0.012191	-0.013877	0.011857	0.014674	0.011480	-0.012581	-0.014537	-0.013247	-0.014914	0.014687	0.011885	0.011787	-0.014823	0.014970	-0.014599	0.011686	0.011643	0.014264	-0.011769	0.014996	-0.014375	-0.014197	-0.014865	0.012124	-0.014938	-0.011367	-0.014913	-0.014009	-0.014514	-0.012461	0.011893	0.014927	-0.012553	-0.012680	-0.014992	0.011985	0.014501	-0.014283	0.014289	-0.013501	-0.014535	0.012088	0.014901	0.012051	-0.015106	-0.014400	-0.012837	-0.011932	-0.012329	-0.014108	-0.014629	-0.015177	0.014540	-0.012403	-0.013014	-0.014326	-0.010596	0.014269	0.014282	-0.014500	-0.011722	-0.014909	0.012033	0.012282	0.015003	-0.014607	0.011928	0.012867	-0.012028	0.015019	-0.014414	-0.011992	-0.014177	0.014521	0.013599	0.011831	0.014247	-0.012843	-0.013289	0.014894	-0.015187	-0.014374	-0.011973	0.014526	0.015163	0.014701	0.014304	0.012779	0.015089	0.014393	0.012266	0.012109	0.014273	-0.012267	-0.012889	-0.014717	-0.012983	0.012889	0.011236	-0.014951	0.013527	-0.012149	-0.014536	0.013918	0.012570	-0.012645	-0.014667	0.014425	-0.009821	-0.012152	-0.013832	0.014934	0.014128	0.014421	-0.014509	-0.012922	-0.015114	0.011969	0.014837	0.014349	0.014424	0.014760	0.011435	0.010887	-0.011631	-0.014489	-0.015021	0.014608	-0.012557	0.014927	-0.012952	-0.014885	0.011769	-0.012582	0.013348	0.014318	-0.013865	0.012377	-0.012603	-0.012227	0.011107	-0.014541	-0.014660	0.014270	0.014476	0.012173	0.011837	0.014552	-0.015019	-0.014493	0.011795	0.014629	-0.012349	0.014815	-0.014234	0.015184	-0.012585	-0.013004	-0.011987	-0.015100	-0.011371	-0.011947	0.012309	0.011666	0.011308	-0.011768	0.013212	0.014347	-0.012348	-0.014290	-0.014765
-0.012264	0.011463	-0.014576	0.011685	0.011961	0.011309	0.014949	0.011480	0.014142	0.011415	-0.011531	0.015320	0.002496	0.012077	-0.014117	0.011777	0.014795	0.012383	-0.014445	-0.014387	0.014727	0.015502	-0.012609	0.012027	0.014563	-0.012455	-0.011105	0.014118	-0.014868	-0.011876	-0.014195	0.011531	0.014995	0.011063	-0.012679	-0.014887	-0.013207	-0.014998	0.014330	0.011425	0.011476	-0.014349	0.014698	-0.014816	0.011892	0.011880	0.014861	-0.011755	0.014819	-0.014475	-0.014267	-0.014978	0.012155	-0.015289	-0.013239	-0.014644	-0.014413	-0.014499	-0.012216	0.011751	0.015033	-0.012141	-0.012179	-0.014846	0.012099	0.014222	-0.015250	0.014298	-0.013963	-0.014261	0.011853	0.014737	0.011755	-0.014757	-0.014408	-0.012587	-0.011813	-0.011940	-0.014173	-0.014719	-0.014851	0.014800	-0.012652	-0.012232	-0.014684	-0.010761	0.014386	0.014791	-0.014626	-0.010827	-0.014599	0.011747	0.011811	0.015320	-0.014295	0.011715	0.012237	-0.011586	0.014787	-0.014489	-0.012330	-0.013491	0.014608	0.012498	0.011667	0.014302	-0.012042	-0.014243	0.015128	-0.014935	-0.014853	-0.011755	0.014769	0.015213	0.014737	0.014438	0.013006	0.015003	0.014539	0.012112	0.011220	0.014404	-0.012305	-0.012846	-0.014701	-0.012081	0.012135	0.010609	-0.015385	0.013405	-0.011767	-0.014696	0.014170	0.012208	-0.012897	-0.014869	0.014593	-0.010593	-0.011243	-0.013723	0.014998	0.014184	0.014591	-0.014557	-0.012012	-0.014747	0.012296	0.014963	0.014918	0.014698	0.014459	0.011913	0.010870	-0.012241	-0.015016	-0.014581	0.014358	-0.011809	0.014787	-0.012131	-0.014904	0.011897	-0.012279	0.013360	0.014851	-0.014586	0.012045	-0.012076	-0.012261	0.011289	-0.014365	-0.014411	0.014448	0.014459	0.011841	0.011358	0.014290	-0.014698	-0.014305	0.011089	0.014133	-0.012293	0.014752	-0.015052	0.014754	-0.012222	-0.011977	-0.012287	-0.015105	-0.010595	-0.011263	0.012004	0.012060	0.011613	-0.012066	0.012612	0.014442	-0.011979	-0.014582	-0.014781
-0.011622	0.012046	-0.014094	0.011843	0.011704	0.011442	0.014391	0.011587	0.014368	0.010923	-0.011402	0.015593	0.001767	0.011587	-0.013674	0.011094	0.014831	0.012187	-0.014212	-0.014567	0.014872	0.015395	-0.012127	0.011515	0.014674	-0.012399	-0.010889	0.013847	-0.014937	-0.011425	-0.013943	0.011480	0.014738	0.010432	-0.012370	-0.014547	-0.013080	-0.014687	0.014421	0.011254	0.011287	-0.014743	0.014814	-0.014617	0.011489	0.011548	0.014639	-0.012398	0.015038	-0.014298	-0.014069	-0.014692	0.011493	-0.015253	-0.011251	-0.014177	-0.014318	-0.014859	-0.011828	0.012298	0.015027	-0.011889	-0.011856	-0.014678	0.011637	0.014251	-0.014508	0.014450	-0.013775	-0.014365	0.011354	0.014821	0.011456	-0.014537	-0.014520	-0.012256	-0.011423	-0.011680	-0.013991	-0.014554	-0.015209	0.014584	-0.012506	-0.012675	-0.014171	-0.009651	0.014545	0.014498	-0.014302	-0.010959	-0.014972	0.011908	0.011698	0.015227	-0.014193	0.011855	0.012571	-0.011605	0.014768	-0.014290	-0.011895	-0.013331	0.014265	0.012698	0.011662	0.014490	-0.012403	-0.014148	0.015036	-0.014554	-0.014560	-0.011706	0.014432	0.014880	0.014566	0.014444	0.012523	0.014719	0.014245	0.011902	0.011229	0.014466	-0.011729	-0.012757	-0.014557	-0.012365	0.011754	0.010793	-0.015011	0.013224	-0.011882	-0.014578	0.013973	0.011628	-0.012547	-0.014613	0.014448	-0.009663	-0.011431	-0.013753	0.014922	0.013893	0.014308	-0.014601	-0.012233	-0.014584	0.011969	0.014990	0.014627	0.014394	0.014620	0.011354	0.011049	-0.011433	-0.014752	-0.014417	0.014208	-0.011336	0.014668	-0.012952	-0.014680	0.011526	-0.012285	0.013278	0.014870	-0.014481	0.011990	-0.012251	-0.011682	0.011193	-0.014191	-0.014356	0.014461	0.014395	0.012165	0.011256	0.014178	-0.014607	-0.014207	0.011152	0.014435	-0.011983	0.014539	-0.014876	0.014726	-0.012082	-0.012324	-0.012152	-0.014760	-0.010410	-0.010999	0.011319	0.011264	0.011522	-0.011494	0.011827	0.014199	-0.011837	-0.014335	-0.014798
-0.011779	0.012364	-0.013892	0.011472	0.011202	0.011075	0.014471	0.011606	0.014012	0.011305	-0.011696	0.015277	0.000997	0.012830	-0.014032	0.010847	0.014074	0.012457	-0.013864	-0.013717	0.014614	0.015621	-0.011718	0.012143	0.014560	-0.012268	-0.011155	0.013825	-0.014631	-0.012480	-0.013881	0.012590	0.014490	0.010667	-0.012469	-0.014545	-0.013012	-0.014678	0.014394	0.011413	0.011403	-0.013980	0.014883	-0.014201	0.012265	0.011138	0.014250	-0.011125	0.014992	-0.014724	-0.014298	-0.014840	0.012169	-0.014587	-0.011874	-0.014056	-0.014568	-0.014446	-0.012398	0.012503	0.015431	-0.012598	-0.011867	-0.014252	0.011692	0.014208	-0.014070	0.014621	-0.014567	-0.014005	0.011828	0.014552	0.012208	-0.014729	-0.014525	-0.013007	-0.012089	-0.012558	-0.013917	-0.014162	-0.015010	0.014349	-0.011878	-0.012034	-0.013880	-0.010584	0.014437	0.014405	-0.014720	-0.010966	-0.014753	0.012888	0.012350	0.015169	-0.014367	0.011565	0.012020	-0.010895	0.014440	-0.014307	-0.012520	-0.014105	0.013909	0.012306	0.011580	0.014433	-0.012475	-0.013295	0.015458	-0.014443	-0.014103	-0.011409	0.014276	0.014600	0.014918	0.014432	0.013603	0.014854	0.014009	0.011234	0.011718	0.013743	-0.011746	-0.013126	-0.014080	-0.012191	0.012095	0.010499	-0.014221	0.013055	-0.011466	-0.014396	0.014048	0.011029	-0.013150	-0.014622	0.014346	-0.010403	-0.011352	-0.013359	0.015143	0.014028	0.014034	-0.014152	-0.011886	-0.014636	0.012276	0.014911	0.014747	0.013900	0.014133	0.012036	0.011867	-0.011733	-0.014543	-0.013999	0.013736	-0.011171	0.014522	-0.013306	-0.014742	0.012145	-0.011588	0.013229	0.014630	-0.014137	0.012406	-0.011478	-0.012731	0.011005	-0.013840	-0.013843	0.014139	0.014123	0.012367	0.011868	0.014104	-0.014322	-0.014114	0.010945	0.013820	-0.012411	0.014695	-0.014755	0.014890	-0.012580	-0.011682	-0.012319	-0.015047	-0.010783	-0.012017	0.011957	0.011967	0.011530	-0.012162	0.012946	0.014013	-0.012936	-0.013753	-0.014614
-0.011744	0.012100	-0.014202	0.011203	0.011559	0.011066	0.014637	0.011759	0.014315	0.010677	-0.011348	0.015478	0.001702	0.012511	-0.014385	0.010790	0.014449	0.012897	-0.014234	-0.013627	0.014546	0.015570	-0.011935	0.012008	0.014497	-0.011962	-0.010396	0.013972	-0.014600	-0.012111	-0.014231	0.012085	0.014234	0.010452	-0.012393	-0.015010	-0.013483	-0.014917	0.014138	0.011631	0.010758	-0.014271	0.014957	-0.014318	0.011592	0.010828	0.014357	-0.011009	0.015127	-0.014728	-0.014063	-0.014620	0.012598	-0.014989	-0.011520	-0.014047	-0.014703	-0.014045	-0.012295	0.012697	0.015543	-0.012523	-0.011914	-0.014092	0.011415	0.014137	-0.014049	0.014282	-0.014626	-0.013933	0.011663	0.014520	0.012193	-0.014722	-0.014541	-0.012664	-0.012008	-0.011336	-0.014061	-0.014205	-0.014976	0.014791	-0.011819	-0.011703	-0.014620	-0.010793	0.015048	0.014050	-0.014938	-0.010476	-0.014810	0.012354	0.012437	0.015376	-0.014457	0.011741	0.012211	-0.011033	0.014365	-0.014142	-0.012239	-0.014389	0.013884	0.012307	0.012019	0.014330	-0.012352	-0.013728	0.015741	-0.014618	-0.014026	-0.011759	0.014207	0.015104	0.014967	0.014457	0.013748	0.015124	0.014197	0.011295	0.011163	0.013602	-0.012039	-0.013557	-0.014328	-0.012223	0.011962	0.010129	-0.014737	0.013532	-0.011348	-0.014337	0.013989	0.011621	-0.013086	-0.015178	0.014363	-0.009982	-0.011501	-0.013534	0.015148	0.013889	0.014075	-0.014042	-0.011430	-0.014736	0.011943	0.015158	0.014780	0.014250	0.013890	0.012246	0.010705	-0.011602	-0.014700	-0.014100	0.013923	-0.011580	0.014642	-0.012832	-0.014901	0.012336	-0.011570	0.013566	0.014645	-0.014155	0.012246	-0.012145	-0.012382	0.010311	-0.014022	-0.013812	0.013832	0.014033	0.011970	0.011673	0.013786	-0.014348	-0.013924	0.011002	0.013965	-0.011879	0.014968	-0.015146	0.014703	-0.012360	-0.011587	-0.012101	-0.015505	-0.011088	-0.011557	0.011574	0.011647	0.011350	-0.011994	0.012495	0.013930	-0.012569	-0.013675	-0.014583
-0.011324	0.012853	-0.013827	0.011619	0.011621	0.010882	0.015101	0.011359	0.014703	0.011853	-0.011568	0.015908	-0.000494	0.013240	-0.013993	0.010155	0.014811	0.011771	-0.014260	-0.014417	0.014702	0.016346	-0.011550	0.012293	0.014938	-0.011733	-0.010952	0.013918	-0.014530	-0.012492	-0.014221	0.012443	0.015529	0.010638	-0.012364	-0.014726	-0.013090	-0.015091	0.014172	0.011759	0.011323	-0.014478	0.015343	-0.014364	0.012425	0.011258	0.014659	-0.012298	0.015641	-0.014751	-0.014850	-0.015072	0.012356	-0.015141	-0.011254	-0.014360	-0.014691	-0.014846	-0.012550	0.013343	0.016141	-0.012649	-0.011792	-0.014787	0.011299	0.014296	-0.014836	0.014693	-0.014242	-0.014339	0.012273	0.014981	0.012196	-0.014916	-0.014581	-0.011835	-0.011852	-0.011771	-0.014011	-0.014271	-0.015313	0.014652	-0.012524	-0.012588	-0.014318	-0.010157	0.015310	0.014801	-0.015022	-0.011030	-0.015221	0.012745	0.012365	0.015365	-0.014509	0.011686	0.012836	-0.011673	0.014578	-0.014426	-0.012864	-0.013809	0.014073	0.012493	0.011581	0.014861	-0.012880	-0.014084	0.015874	-0.014759	-0.014753	-0.011208	0.014670	0.014762	0.015158	0.014713	0.013965	0.014994	0.014113	0.010851	0.011866	0.014129	-0.011240	-0.012868	-0.014059	-0.011864	0.012072	0.010441	-0.014489	0.012479	-0.011600	-0.014468	0.014193	0.011622	-0.012983	-0.014999	0.014791	-0.011020	-0.011236	-0.012370	0.015939	0.014084	0.014142	-0.014874	-0.012421	-0.014390	0.012014	0.015399	0.015133	0.013947	0.014404	0.012503	0.011977	-0.011376	-0.015126	-0.014102	0.013905	-0.011306	0.014408	-0.012624	-0.015360	0.011968	-0.011632	0.013008	0.015096	-0.014500	0.012425	-0.012073	-0.012312	0.010781	-0.013945	-0.013926	0.014499	0.014185	0.011777	0.011378	0.014398	-0.014775	-0.014133	0.010436	0.013732	-0.012479	0.015076	-0.015355	0.015005	-0.012499	-0.011361	-0.012213	-0.015558	-0.011775	-0.011977	0.012021	0.011994	0.011424	-0.012461	0.012284	0.014400	-0.012849	-0.014307	-0.015269
-0.011640	0.011720	-0.014453	0.011674	0.011289	0.011089	0.014671	0.011566	0.014741	0.010911	-0.011385	0.015464	0.001236	0.011711	-0.014442	0.011356	0.014922	0.013137	-0.014374	-0.013910	0.014672	0.015511	-0.011719	0.012441	0.015205	-0.012259	-0.011258	0.014067	-0.014807	-0.012346	-0.014703	0.012014	0.014059	0.010549	-0.012569	-0.014990	-0.014397	-0.014981	0.014299	0.011473	0.010462	-0.014721	0.015141	-0.015023	0.010761	0.011081	0.014544	-0.011422	0.015387	-0.014808	-0.013777	-0.014502	0.012107	-0.015794	-0.011683	-0.014435	-0.015003	-0.014592	-0.012300	0.011788	0.015562	-0.012347	-0.011963	-0.014032	0.012068	0.014385	-0.015060	0.014531	-0.014291	-0.014240	0.011830	0.014758	0.011885	-0.014694	-0.014756	-0.013108	-0.012097	-0.010837	-0.014371	-0.014557	-0.014793	0.015012	-0.012240	-0.011690	-0.015108	-0.010350	0.015528	0.014289	-0.015100	-0.010973	-0.015170	0.011882	0.012122	0.015895	-0.014464	0.012521	0.012089	-0.010695	0.014490	-0.014497	-0.012308	-0.014151	0.014402	0.012571	0.011708	0.014505	-0.012162	-0.014471	0.015609	-0.014932	-0.014464	-0.012170	0.014435	0.014934	0.015273	0.014618	0.012547	0.015164	0.014486	0.011568	0.011179	0.013950	-0.011781	-0.013943	-0.014625	-0.012067	0.011875	0.010133	-0.014969	0.014363	-0.011316	-0.014505	0.014167	0.011845	-0.013198	-0.015137	0.014442	-0.009714	-0.012637	-0.014184	0.015084	0.013897	0.014319	-0.014453	-0.011630	-0.014611	0.012090	0.015280	0.014960	0.014384	0.014212	0.012832	0.010254	-0.011877	-0.015005	-0.014139	0.014310	-0.012071	0.014738	-0.012489	-0.015118	0.012535	-0.011846	0.014297	0.014649	-0.014457	0.012561	-0.012395	-0.012315	0.010449	-0.014102	-0.013881	0.013649	0.014553	0.011733	0.011430	0.013725	-0.014510	-0.013771	0.011438	0.014409	-0.012309	0.015122	-0.015508	0.014737	-0.012637	-0.012452	-0.011389	-0.015155	-0.011271	-0.010794	0.011826	0.012459	0.012124	-0.012234	0.012764	0.014533	-0.012550	-0.013786	-0.015009
-0.011539	0.011905	-0.013648	0.011493	0.011706	0.010974	0.014426	0.011103	0.014392	0.011675	-0.011628	0.015424	0.001901	0.012208	-0.013776	0.010893	0.013986	0.012132	-0.014177	-0.014153	0.014496	0.015411	-0.012336	0.011711	0.014272	-0.012703	-0.010994	0.013663	-0.014354	-0.011825	-0.014127	0.012411	0.014707	0.010155	-0.012391	-0.014450	-0.013017	-0.014422	0.014142	0.011296	0.011121	-0.014238	0.014740	-0.014395	0.011783	0.011585	0.014216	-0.012129	0.015190	-0.014522	-0.014377	-0.014687	0.012361	-0.015262	-0.011476	-0.014039	-0.014636	-0.014631	-0.012514	0.012141	0.015099	-0.012163	-0.011621	-0.014324	0.012041	0.014117	-0.014688	0.014318	-0.014042	-0.014003	0.012850	0.014444	0.011767	-0.014591	-0.014327	-0.013253	-0.012661	-0.012808	-0.013926	-0.014115	-0.014800	0.014149	-0.012699	-0.012305	-0.014771	-0.010183	0.014759	0.014616	-0.014403	-0.010658	-0.015088	0.012209	0.011496	0.014891	-0.014417	0.012027	0.013020	-0.011637	0.014431	-0.013925	-0.012653	-0.014414	0.013802	0.012330	0.011785	0.014251	-0.011910	-0.013952	0.015492	-0.014812	-0.014211	-0.011312	0.014334	0.014443	0.014877	0.014613	0.013177	0.014702	0.014076	0.011091	0.012133	0.014151	-0.012111	-0.012873	-0.014125	-0.012067	0.012029	0.010471	-0.014326	0.013205	-0.011827	-0.014145	0.013954	0.011421	-0.012615	-0.014653	0.014527	-0.009594	-0.011410	-0.013081	0.015246	0.013676	0.013572	-0.014153	-0.012183	-0.014100	0.012075	0.014887	0.014879	0.013802	0.014219	0.011573	0.011235	-0.011602	-0.014548	-0.014062	0.013907	-0.011901	0.014451	-0.013133	-0.014786	0.012184	-0.012128	0.013089	0.014260	-0.013985	0.011478	-0.012115	-0.011983	0.010817	-0.013978	-0.014073	0.014173	0.013814	0.012013	0.010954	0.013759	-0.014225	-0.013959	0.010740	0.013196	-0.012517	0.014769	-0.014894	0.014674	-0.012228	-0.012143	-0.012038	-0.014926	-0.011062	-0.012227	0.012599	0.012939	0.012098	-0.012440	0.012476	0.013896	-0.012248	-0.013797	-0.014736
-0.011329	0.013013	-0.013815	0.011907	0.011507	0.010613	0.014622	0.011430	0.014677	0.011851	-0.012050	0.015488	0.002149	0.012369	-0.013549	0.011367	0.014423	0.011768	-0.014074	-0.014607	0.014471	0.015562	-0.011869	0.011966	0.014670	-0.012733	-0.010530	0.013638	-0.014231	-0.012567	-0.014139	0.012743	0.015100	0.010800	-0.012268	-0.014257	-0.013351	-0.014471	0.014145	0.012019	0.011238	-0.014389	0.015270	-0.014168	0.012415	0.011370	0.014017	-0.012068	0.015343	-0.014539	-0.014474	-0.014777	0.012167	-0.014815	-0.011379	-0.014319	-0.014207	-0.014654	-0.012013	0.012879	0.015673	-0.012378	-0.011762	-0.014779	0.011643	0.014107	-0.013896	0.014559	-0.013977	-0.014382	0.012031	0.014810	0.012401	-0.014576	-0.014437	-0.012605	-0.012249	-0.012737	-0.013787	-0.014249	-0.014628	0.014200	-0.012397	-0.012742	-0.014338	-0.010669	0.014611	0.014861	-0.014753	-0.011352	-0.014962	0.012385	0.012361	0.014868	-0.014432	0.011729	0.012537	-0.011678	0.014347	-0.014139	-0.012745	-0.013430	0.013956	0.012711	0.011514	0.014759	-0.012325	-0.013952	0.015428	-0.014479	-0.014680	-0.011074	0.014332	0.014478	0.014991	0.014477	0.013226	0.014642	0.013739	0.011095	0.011984	0.014053	-0.011368	-0.012596	-0.013883	-0.012444	0.012089	0.011363	-0.014131	0.012258	-0.011452	-0.014475	0.013884	0.012109	-0.012631	-0.014581	0.014395	-0.009956	-0.011510	-0.012716	0.015631	0.013941	0.014228	-0.014288	-0.012247	-0.014322	0.012147	0.014975	0.014453	0.013749	0.014386	0.011871	0.011724	-0.012018	-0.014856	-0.014174	0.014099	-0.012029	0.014388	-0.012479	-0.014948	0.012043	-0.011943	0.012995	0.014944	-0.014327	0.012645	-0.011684	-0.011936	0.011425	-0.014013	-0.014294	0.014390	0.013973	0.011586	0.012191	0.014158	-0.014328	-0.014167	0.011271	0.013745	-0.012736	0.014608	-0.014647	0.014620	-0.011997	-0.011495	-0.012224	-0.015238	-0.011326	-0.012164	0.012273	0.011803	0.012538	-0.012199	0.012438	0.013994	-0.012615	-0.014348	-0.014766
-0.011245	0.012279	-0.013808	0.012902	0.012174	0.011328	0.014488	0.011200	0.014547	0.011800	-0.011346	0.015147	0.001478	0.011548	-0.014104	0.011669	0.014647	0.013235	-0.013959	-0.014590	0.014936	0.015316	-0.012431	0.011811	0.014598	-0.012749	-0.009963	0.014045	-0.014822	-0.012082	-0.014460	0.011327	0.014188	0.011003	-0.012901	-0.014679	-0.014069	-0.014808	0.014290	0.011949	0.011797	-0.014773	0.014720	-0.014507	0.012227	0.012282	0.014761	-0.012929	0.015128	-0.014324	-0.013225	-0.014187	0.012670	-0.015229	-0.011576	-0.013997	-0.014268	-0.014738	-0.011848	0.012656	0.014739	-0.012140	-0.012617	-0.014394	0.012100	0.014312	-0.014863	0.014242	-0.013690	-0.014136	0.011977	0.014645	0.012170	-0.014613	-0.014894	-0.012087	-0.011885	-0.012143	-0.014476	-0.014453	-0.015250	0.014417	-0.012882	-0.013031	-0.014509	-0.011646	0.014587	0.014250	-0.014083	-0.010917	-0.015190	0.012144	0.011837	0.015726	-0.014459	0.012530	0.013402	-0.012736	0.014502	-0.014458	-0.012322	-0.013586	0.014235	0.013273	0.012026	0.014003	-0.013089	-0.014618	0.014962	-0.014976	-0.014594	-0.012427	0.014063	0.015166	0.014567	0.014208	0.012225	0.015194	0.014244	0.012322	0.011650	0.014339	-0.011484	-0.013062	-0.014571	-0.012802	0.012658	0.010659	-0.014789	0.014508	-0.012267	-0.014360	0.014043	0.012673	-0.013301	-0.014801	0.014192	-0.009398	-0.012762	-0.014087	0.014851	0.013766	0.014141	-0.014711	-0.012874	-0.014474	0.012826	0.015259	0.015094	0.014394	0.014551	0.012728	0.011400	-0.012026	-0.014646	-0.014494	0.014010	-0.012878	0.014466	-0.012669	-0.014822	0.011899	-0.012598	0.014306	0.014741	-0.014584	0.011990	-0.012326	-0.011895	0.011303	-0.013791	-0.014027	0.013767	0.014522	0.011971	0.011626	0.013780	-0.014730	-0.013876	0.011491	0.014376	-0.012262	0.014617	-0.015180	0.014554	-0.012903	-0.012866	-0.012483	-0.015085	-0.011782	-0.012427	0.011306	0.011950	0.012297	-0.011894	0.011679	0.014336	-0.012135	-0.014017	-0.014312
-0.011636	0.011811	-0.014194	0.011770	0.012277	0.011749	0.014644	0.012272	0.014948	0.011702	-0.011606	0.015631	0.001398	0.011320	-0.013678	0.011338	0.015045	0.012272	-0.014274	-0.014626	0.015314	0.015779	-0.012651	0.011294	0.014689	-0.013391	-0.010403	0.013682	-0.015132	-0.011584	-0.013704	0.011941	0.015074	0.010488	-0.012436	-0.014363	-0.013707	-0.014837	0.014529	0.011444	0.011598	-0.015092	0.015532	-0.015041	0.011615	0.012373	0.014827	-0.012640	0.015411	-0.013994	-0.014664	-0.014827	0.011742	-0.015626	-0.011773	-0.014406	-0.014460	-0.015225	-0.012962	0.012526	0.015322	-0.011732	-0.012126	-0.015072	0.011836	0.014816	-0.015147	0.014672	-0.014085	-0.014764	0.011811	0.015284	0.011529	-0.014832	-0.014645	-0.013450	-0.011767	-0.013115	-0.014105	-0.014473	-0.016010	0.014657	-0.012979	-0.013367	-0.015032	-0.010397	0.014681	0.014891	-0.014243	-0.010896	-0.015526	0.012292	0.011350	0.015648	-0.014256	0.012374	0.012537	-0.011718	0.015448	-0.014977	-0.012947	-0.014169	0.014439	0.013141	0.011292	0.014732	-0.012657	-0.014343	0.015082	-0.014977	-0.014837	-0.012312	0.014856	0.015264	0.014676	0.014897	0.012880	0.015333	0.014552	0.011941	0.011691	0.014793	-0.012108	-0.012883	-0.014708	-0.012443	0.012149	0.010548	-0.015304	0.013832	-0.012300	-0.014782	0.014005	0.012010	-0.012552	-0.014777	0.014784	-0.009297	-0.011567	-0.014132	0.015030	0.014036	0.014354	-0.014781	-0.012928	-0.014909	0.012152	0.015022	0.014841	0.014685	0.015161	0.012265	0.011497	-0.011182	-0.015011	-0.014912	0.014572	-0.011816	0.015241	-0.012999	-0.015090	0.011898	-0.012700	0.013281	0.014862	-0.014611	0.012223	-0.012031	-0.011733	0.011446	-0.014553	-0.014736	0.014606	0.014357	0.012662	0.010903	0.014592	-0.015005	-0.014625	0.011506	0.014811	-0.012319	0.014880	-0.015005	0.015152	-0.012740	-0.013181	-0.011637	-0.015235	-0.011433	-0.012054	0.011040	0.011924	0.011822	-0.012108	0.012066	0.014683	-0.011787	-0.014610	-0.015197
-0.011625	0.011843	-0.014031	0.011489	0.012015	0.010574	0.014311	0.012045	0.014373	0.011168	-0.011453	0.015050	0.001238	0.011167	-0.013852	0.011391	0.014296	0.013013	-0.013916	-0.013919	0.014667	0.015247	-0.012754	0.010844	0.014066	-0.013020	-0.010527	0.013514	-0.014670	-0.011428	-0.013708	0.011943	0.014158	0.010395	-0.012649	-0.014813	-0.013725	-0.014652	0.014201	0.011277	0.010973	-0.014742	0.014829	-0.014651	0.010994	0.011344	0.014437	-0.011848	0.015201	-0.014324	-0.013918	-0.014601	0.012428	-0.015546	-0.010836	-0.014013	-0.014340	-0.014710	-0.012254	0.012127	0.015105	-0.012143	-0.012021	-0.014343	0.012022	0.014146	-0.014382	0.013835	-0.013913	-0.014309	0.012054	0.014666	0.011782	-0.014541	-0.014316	-0.013273	-0.011771	-0.012641	-0.013805	-0.014116	-0.015254	0.014809	-0.012815	-0.012813	-0.014876	-0.010270	0.014287	0.014285	-0.014433	-0.010777	-0.014750	0.012014	0.011603	0.015268	-0.014137	0.012420	0.012507	-0.012014	0.014502	-0.014010	-0.012451	-0.014540	0.013797	0.013235	0.011779	0.014272	-0.012286	-0.013361	0.014831	-0.014610	-0.013982	-0.011608	0.014161	0.014973	0.014416	0.014216	0.012541	0.015023	0.014216	0.011995	0.011764	0.013998	-0.011892	-0.013082	-0.014488	-0.012691	0.012149	0.010522	-0.014879	0.013841	-0.011919	-0.014324	0.013766	0.011581	-0.012690	-0.014657	0.014236	-0.008607	-0.011747	-0.014446	0.014543	0.013643	0.013989	-0.014055	-0.012218	-0.014747	0.011688	0.014927	0.014730	0.014241	0.014243	0.011528	0.010708	-0.011508	-0.014293	-0.014354	0.014161	-0.012184	0.014662	-0.012723	-0.014776	0.011699	-0.011875	0.013137	0.013826	-0.013646	0.012369	-0.012246	-0.011608	0.011030	-0.013973	-0.014470	0.014012	0.014134	0.012078	0.010856	0.014093	-0.014373	-0.014236	0.011016	0.014323	-0.011773	0.014779	-0.014481	0.014716	-0.012332	-0.012865	-0.011893	-0.015130	-0.010806	-0.012128	0.011791	0.012217	0.012025	-0.011711	0.012189	0.013662	-0.011627	-0.014106	-0.015064
-0.012921	0.012045	-0.014416	0.012411	0.012806	0.011548	0.014590	0.012127	0.014325	0.012452	-0.012665	0.014895	0.001196	0.012710	-0.014223	0.012003	0.014677	0.011948	-0.014372	-0.014379	0.015232	0.014877	-0.012544	0.012568	0.014414	-0.012654	-0.011914	0.014000	-0.015081	-0.011956	-0.014153	0.012766	0.014187	0.011336	-0.012926	-0.014426	-0.013516	-0.014656	0.014539	0.011463	0.012833	-0.014461	0.014761	-0.014689	0.013187	0.012868	0.014590	-0.012919	0.014379	-0.014431	-0.014002	-0.014393	0.011523	-0.015151	-0.011400	-0.014347	-0.014371	-0.014710	-0.012016	0.012026	0.014482	-0.012883	-0.012253	-0.014545	0.013025	0.014735	-0.013963	0.014118	-0.014134	-0.013931	0.012262	0.014860	0.012310	-0.014487	-0.014588	-0.013022	-0.012021	-0.012461	-0.014341	-0.014537	-0.014722	0.014270	-0.012743	-0.013093	-0.013657	-0.011054	0.014374	0.014490	-0.014224	-0.011671	-0.014407	0.013046	0.011823	0.014764	-0.014152	0.013223	0.012968	-0.012794	0.014530	-0.014721	-0.012814	-0.013931	0.014522	0.012858	0.012352	0.014275	-0.013234	-0.013779	0.014432	-0.014438	-0.013979	-0.012439	0.014608	0.014502	0.014059	0.014258	0.012633	0.014844	0.014507	0.012578	0.013020	0.014744	-0.013070	-0.012876	-0.014936	-0.012994	0.012338	0.011238	-0.014720	0.013806	-0.012678	-0.014676	0.014474	0.012638	-0.012619	-0.014185	0.014542	-0.011072	-0.012526	-0.013742	0.014350	0.014163	0.014346	-0.014885	-0.013193	-0.014789	0.012395	0.014742	0.014174	0.014547	0.014663	0.012482	0.012641	-0.012639	-0.014293	-0.014826	0.014273	-0.012217	0.014693	-0.012777	-0.014581	0.012923	-0.012204	0.013899	0.014348	-0.014231	0.012925	-0.012002	-0.012870	0.011281	-0.014214	-0.014312	0.014353	0.014676	0.012303	0.011815	0.014588	-0.014685	-0.014369	0.012049	0.014491	-0.013159	0.014313	-0.014108	0.014771	-0.013351	-0.013185	-0.012278	-0.014609	-0.012468	-0.012900	0.011932	0.013032	0.012046	-0.012326	0.012187	0.014651	-0.011748	-0.014538	-0.014617
-0.012452	0.013046	-0.014422	0.012827	0.012272	0.011486	0.015182	0.011571	0.014237	0.012060	-0.012218	0.014696	0.001063	0.013895	-0.014710	0.011740	0.014381	0.012137	-0.014107	-0.014002	0.015078	0.014695	-0.012809	0.013070	0.014210	-0.013021	-0.012035	0.014584	-0.015038	-0.012282	-0.014420	0.012478	0.015228	0.011952	-0.012051	-0.015175	-0.013148	-0.014969	0.015083	0.012250	0.012454	-0.014347	0.015336	-0.014561	0.012349	0.013616	0.014806	-0.012995	0.014933	-0.015133	-0.015170	-0.015250	0.012071	-0.014034	-0.011894	-0.014659	-0.014861	-0.014654	-0.012683	0.011085	0.013677	-0.012471	-0.011227	-0.014880	0.012871	0.014878	-0.013845	0.015372	-0.015102	-0.014459	0.011708	0.014458	0.012630	-0.015216	-0.014603	-0.012882	-0.012312	-0.012163	-0.014499	-0.014696	-0.015358	0.015062	-0.011801	-0.013556	-0.013362	-0.011165	0.014573	0.014915	-0.014589	-0.011699	-0.014993	0.013779	0.012830	0.014273	-0.014700	0.012702	0.013313	-0.012331	0.015376	-0.014722	-0.013416	-0.012607	0.014642	0.012849	0.010378	0.014765	-0.012790	-0.013286	0.015305	-0.014188	-0.014408	-0.011922	0.015162	0.014960	0.014799	0.015050	0.013393	0.014867	0.014968	0.011719	0.012489	0.014613	-0.012147	-0.013644	-0.014918	-0.012741	0.010972	0.010389	-0.014785	0.013150	-0.012496	-0.015054	0.014530	0.012844	-0.013577	-0.014989	0.014977	-0.011673	-0.012004	-0.012941	0.015044	0.014946	0.014555	-0.015033	-0.012707	-0.015303	0.011714	0.015044	0.015239	0.014624	0.014583	0.012760	0.012696	-0.013011	-0.014756	-0.014876	0.014408	-0.011625	0.014814	-0.013022	-0.015117	0.013786	-0.012897	0.013689	0.014652	-0.014391	0.012432	-0.010904	-0.013358	0.010794	-0.014267	-0.014739	0.014954	0.014492	0.012032	0.012152	0.015418	-0.014676	-0.015226	0.011844	0.014144	-0.013357	0.014560	-0.014731	0.014947	-0.012984	-0.012386	-0.011814	-0.014753	-0.011191	-0.011796	0.011860	0.012590	0.011381	-0.012493	0.012008	0.014894	-0.012876	-0.014749	-0.014733
-0.012665	0.011300	-0.015385	0.010452	0.010824	0.012290	0.015089	0.011101	0.013234	0.011697	-0.011194	0.014979	-0.000059	0.014781	-0.016061	0.012877	0.014604	0.011299	-0.015694	-0.012867	0.015210	0.014560	-0.011772	0.015631	0.015811	-0.010999	-0.013501	0.015162	-0.014915	-0.013472	-0.016078	0.014446	0.013877	0.010596	-0.011584	-0.015426	-0.014865	-0.015131	0.015558	0.012845	0.010042	-0.015264	0.014910	-0.014224	0.009990	0.012686	0.015238	-0.012485	0.014751	-0.015595	-0.015505	-0.014936	0.012738	-0.014309	-0.013058	-0.014603	-0.016566	-0.012892	-0.010750	0.013358	0.014889	-0.013361	-0.009282	-0.013094	0.011653	0.015089	-0.014890	0.015713	-0.015850	-0.014847	0.012513	0.014351	0.014093	-0.015113	-0.015036	-0.013514	-0.014333	-0.009765	-0.015330	-0.015583	-0.014053	0.014937	-0.009769	-0.010706	-0.013717	-0.011531	0.016288	0.014833	-0.015608	-0.010711	-0.014552	0.013983	0.012670	0.015028	-0.014402	0.012104	0.009706	-0.009484	0.015073	-0.015188	-0.014614	-0.012083	0.015311	0.011169	0.010539	0.015987	-0.011780	-0.015215	0.016654	-0.014352	-0.014917	-0.013665	0.015622	0.014700	0.016012	0.015672	0.014704	0.014424	0.015761	0.009069	0.011276	0.014243	-0.012118	-0.015240	-0.015206	-0.011815	0.009799	0.010584	-0.015325	0.012892	-0.011275	-0.015632	0.015801	0.012634	-0.014601	-0.015828	0.015441	-0.011185	-0.013076	-0.013291	0.015368	0.015617	0.015295	-0.014261	-0.010247	-0.014966	0.012197	0.014780	0.016047	0.015170	0.014538	0.014725	0.012288	-0.013151	-0.016198	-0.013196	0.014898	-0.010822	0.015304	-0.011256	-0.014974	0.014580	-0.010437	0.015685	0.014138	-0.016062	0.014055	-0.010493	-0.014499	0.009733	-0.014775	-0.013569	0.015021	0.014249	0.011776	0.012688	0.013740	-0.013317	-0.014616	0.012471	0.012928	-0.010901	0.015328	-0.015760	0.014154	-0.011005	-0.009755	-0.013231	-0.014401	-0.010440	-0.011322	0.010420	0.014548	0.012732	-0.013593	0.010857	0.015351	-0.013136	-0.014343	-0.014689
-0.010788	0.012179	-0.014031	0.011872	0.011340	0.010106	0.014756	0.010751	0.015263	0.011277	-0.011894	0.016101	0.001375	0.012948	-0.014506	0.010631	0.015082	0.012576	-0.015157	-0.014267	0.014849	0.015995	-0.012342	0.012358	0.015025	-0.011816	-0.010705	0.014546	-0.015087	-0.013104	-0.014900	0.012668	0.014769	0.011349	-0.012340	-0.014702	-0.015428	-0.014755	0.014671	0.011413	0.010464	-0.014795	0.014906	-0.015021	0.010719	0.011742	0.014896	-0.012527	0.015847	-0.014734	-0.013914	-0.014970	0.012315	-0.015483	-0.011500	-0.014285	-0.014950	-0.014242	-0.011563	0.012175	0.015503	-0.013189	-0.012398	-0.013844	0.011255	0.014808	-0.014682	0.014850	-0.015388	-0.014337	0.012729	0.014939	0.012428	-0.014945	-0.014876	-0.012864	-0.010921	-0.010596	-0.014542	-0.015033	-0.015529	0.015701	-0.012147	-0.012146	-0.014696	-0.011319	0.015611	0.015241	-0.014743	-0.010727	-0.015082	0.013977	0.012524	0.015270	-0.014476	0.012708	0.013437	-0.011303	0.014843	-0.014538	-0.014335	-0.014159	0.014359	0.012611	0.011461	0.015229	-0.012098	-0.014433	0.016193	-0.014857	-0.014702	-0.011255	0.014614	0.015083	0.015422	0.015252	0.014338	0.014943	0.015034	0.011095	0.011613	0.013813	-0.010686	-0.014261	-0.014750	-0.012158	0.011494	0.011121	-0.015398	0.014568	-0.011622	-0.015526	0.014455	0.010941	-0.014084	-0.015081	0.014403	-0.009929	-0.012450	-0.014416	0.016175	0.014306	0.014615	-0.014340	-0.011495	-0.014551	0.011766	0.015538	0.015604	0.014536	0.014277	0.013367	0.010791	-0.011238	-0.015025	-0.013505	0.013602	-0.011221	0.014983	-0.013038	-0.014729	0.013824	-0.012798	0.014375	0.014958	-0.014466	0.013217	-0.011994	-0.012614	0.010180	-0.014027	-0.013922	0.014045	0.014225	0.011552	0.011198	0.013816	-0.013927	-0.014270	0.011560	0.014262	-0.011450	0.014820	-0.015814	0.014530	-0.012353	-0.012003	-0.011901	-0.015832	-0.010436	-0.011597	0.011099	0.012651	0.010320	-0.012621	0.012434	0.013929	-0.013987	-0.013601	-0.015282
-0.012197	0.013185	-0.014464	0.011634	0.010902	0.012129	0.015234	0.012147	0.014444	0.012190	-0.012108	0.016054	0.001113	0.015096	-0.015242	0.011733	0.015292	0.010714	-0.015190	-0.014392	0.014534	0.015751	-0.011988	0.013952	0.015506	-0.010721	-0.012508	0.015315	-0.015215	-0.013135	-0.014474	0.012882	0.016310	0.011849	-0.012620	-0.015092	-0.013067	-0.015362	0.015472	0.012408	0.011017	-0.015191	0.015390	-0.014985	0.012870	0.012392	0.015222	-0.012411	0.015845	-0.015688	-0.015372	-0.016300	0.011875	-0.015312	-0.013015	-0.014499	-0.016070	-0.014447	-0.011867	0.013072	0.015645	-0.013103	-0.010724	-0.014741	0.011804	0.015092	-0.014714	0.016195	-0.015015	-0.014171	0.011572	0.014649	0.013545	-0.015163	-0.015286	-0.011630	-0.012182	-0.010489	-0.015000	-0.015023	-0.015550	0.015246	-0.011072	-0.011449	-0.014587	-0.010945	0.015515	0.015394	-0.015393	-0.011689	-0.015524	0.012708	0.013284	0.014993	-0.014291	0.011555	0.012163	-0.011235	0.015162	-0.015189	-0.013359	-0.012353	0.015127	0.012272	0.011268	0.016072	-0.012746	-0.014740	0.016200	-0.014091	-0.015724	-0.011852	0.015997	0.015194	0.015528	0.015542	0.014643	0.014598	0.015345	0.010503	0.011423	0.014504	-0.011607	-0.012826	-0.014890	-0.011114	0.010937	0.011247	-0.015178	0.012132	-0.011515	-0.015260	0.015930	0.012142	-0.013823	-0.015285	0.015244	-0.012242	-0.011124	-0.012597	0.015893	0.015467	0.014928	-0.015171	-0.012038	-0.014954	0.012386	0.015536	0.016348	0.014761	0.014818	0.013297	0.011804	-0.013845	-0.015877	-0.013957	0.014227	-0.010468	0.014618	-0.012318	-0.015275	0.013049	-0.011523	0.013957	0.015647	-0.015590	0.013677	-0.011702	-0.012994	0.010759	-0.014212	-0.014317	0.015406	0.014862	0.011278	0.012554	0.015201	-0.015179	-0.015728	0.011730	0.013543	-0.012363	0.014884	-0.015960	0.015156	-0.011857	-0.011057	-0.012406	-0.014826	-0.010290	-0.011019	0.011860	0.012459	0.010976	-0.013543	0.012829	0.015082	-0.013246	-0.014717	-0.015220
-0.012143	0.012848	-0.013617	0.012418	0.012300	0.011110	0.015503	0.010215	0.014889	0.010491	-0.012224	0.015546	0.001943	0.013280	-0.014701	0.011721	0.014654	0.012187	-0.014576	-0.013066	0.014262	0.014165	-0.011956	0.012428	0.014838	-0.012259	-0.012244	0.014563	-0.014085	-0.011102	-0.014870	0.013380	0.015388	0.012603	-0.011909	-0.014723	-0.013288	-0.014801	0.014629	0.012513	0.012413	-0.014805	0.015600	-0.014655	0.011774	0.013335	0.014557	-0.013198	0.014838	-0.014774	-0.014862	-0.015424	0.011706	-0.014510	-0.011085	-0.014879	-0.015314	-0.014979	-0.012073	0.010931	0.013965	-0.011934	-0.009634	-0.014675	0.013144	0.014795	-0.014087	0.015440	-0.015150	-0.013803	0.013088	0.014529	0.013182	-0.015118	-0.014701	-0.012226	-0.012071	-0.010711	-0.014810	-0.014887	-0.014416	0.015172	-0.009889	-0.011807	-0.014051	-0.011008	0.015274	0.015131	-0.015189	-0.011035	-0.015311	0.013244	0.011233	0.014524	-0.014815	0.011853	0.013367	-0.011945	0.015357	-0.014701	-0.012336	-0.011882	0.014583	0.012523	0.010303	0.015273	-0.011195	-0.014407	0.015804	-0.014023	-0.014284	-0.010859	0.015615	0.014177	0.015200	0.015510	0.013336	0.014457	0.014917	0.011117	0.013127	0.014913	-0.012375	-0.013332	-0.014510	-0.012279	0.010583	0.010720	-0.014600	0.013012	-0.012716	-0.014611	0.015026	0.012642	-0.014044	-0.014604	0.015313	-0.011196	-0.011060	-0.011992	0.015406	0.014937	0.014816	-0.014813	-0.012497	-0.014238	0.010458	0.015335	0.014777	0.014380	0.014555	0.013573	0.012646	-0.012399	-0.015038	-0.014465	0.014440	-0.011037	0.014681	-0.012535	-0.014948	0.014201	-0.012544	0.013695	0.015027	-0.014527	0.010719	-0.009551	-0.011861	0.009455	-0.014880	-0.014563	0.015088	0.014616	0.010267	0.011434	0.015221	-0.014603	-0.015078	0.012335	0.013291	-0.013086	0.014728	-0.014364	0.014794	-0.012232	-0.012056	-0.010757	-0.015080	-0.011270	-0.012192	0.011772	0.013924	0.011182	-0.012940	0.011231	0.014968	-0.013022	-0.014760	-0.014745
-0.010604	0.010628	-0.013430	0.011630	0.011441	0.010047	0.014411	0.010983	0.015677	0.010522	-0.011510	0.016032	0.000768	0.010414	-0.014284	0.010699	0.014621	0.012501	-0.014678	-0.014017	0.014970	0.016354	-0.012443	0.011048	0.015169	-0.012408	-0.010774	0.013756	-0.014771	-0.010636	-0.014719	0.013898	0.015258	0.010888	-0.011731	-0.014885	-0.013910	-0.014108	0.014779	0.011287	0.010825	-0.015242	0.015945	-0.015083	0.010809	0.012307	0.014535	-0.012479	0.016725	-0.014492	-0.014450	-0.014944	0.011683	-0.016327	-0.011893	-0.014278	-0.015097	-0.016112	-0.012456	0.011946	0.015996	-0.010839	-0.012657	-0.014207	0.011412	0.015012	-0.015354	0.015201	-0.015301	-0.015149	0.012840	0.014911	0.012041	-0.015492	-0.015356	-0.013835	-0.012280	-0.012263	-0.014716	-0.014790	-0.015357	0.015526	-0.012381	-0.012249	-0.015734	-0.010041	0.015993	0.015471	-0.014987	-0.010703	-0.015594	0.012528	0.009576	0.016137	-0.014354	0.012912	0.012947	-0.011340	0.015209	-0.014981	-0.013645	-0.014390	0.013890	0.012296	0.010776	0.014725	-0.011483	-0.014439	0.016629	-0.015073	-0.014707	-0.011194	0.015084	0.014954	0.015638	0.015520	0.013833	0.015804	0.014815	0.011853	0.011155	0.014821	-0.011440	-0.013659	-0.014669	-0.011724	0.010916	0.009631	-0.014816	0.014988	-0.011931	-0.014716	0.014106	0.011137	-0.012571	-0.015407	0.014449	-0.008912	-0.011219	-0.014837	0.015470	0.013869	0.014461	-0.014347	-0.012415	-0.013815	0.012833	0.016113	0.015462	0.013582	0.014864	0.012867	0.010814	-0.011167	-0.015057	-0.013933	0.014406	-0.011179	0.015287	-0.012015	-0.015286	0.014141	-0.012713	0.013769	0.014746	-0.014654	0.011501	-0.011187	-0.011902	0.010883	-0.014278	-0.014602	0.013763	0.014152	0.011423	0.010578	0.014236	-0.014626	-0.014095	0.011276	0.013944	-0.012325	0.015497	-0.015762	0.015007	-0.012693	-0.013119	-0.010220	-0.015364	-0.011274	-0.013397	0.011120	0.013667	0.012032	-0.013465	0.012825	0.014349	-0.011837	-0.014405	-0.015297
-0.011117	0.011287	-0.014680	0.010796	0.010924	0.009610	0.013632	0.012111	0.015836	0.010453	-0.011747	0.016397	0.001888	0.013093	-0.016021	0.010075	0.016551	0.011500	-0.014858	-0.015762	0.014384	0.015739	-0.010987	0.012295	0.017070	-0.009811	-0.012271	0.015811	-0.015960	-0.011232	-0.012940	0.012130	0.016454	0.012233	-0.010171	-0.015806	-0.011529	-0.014530	0.015396	0.011136	0.009576	-0.015859	0.016770	-0.014497	0.011262	0.009222	0.015413	-0.011606	0.016636	-0.016533	-0.015464	-0.016531	0.010905	-0.015724	-0.012923	-0.014371	-0.016817	-0.016728	-0.011753	0.011267	0.017308	-0.011447	-0.011274	-0.014308	0.011222	0.016054	-0.015100	0.016283	-0.013019	-0.016277	0.011490	0.014580	0.010991	-0.016042	-0.015794	-0.012054	-0.011108	-0.009261	-0.015716	-0.015321	-0.015829	0.016353	-0.010032	-0.010365	-0.015318	-0.010095	0.013995	0.016437	-0.017169	-0.012408	-0.016057	0.010181	0.011411	0.016345	-0.014189	0.012065	0.012757	-0.011065	0.015465	-0.015428	-0.012284	-0.010116	0.015205	0.012140	0.014095	0.016692	-0.010321	-0.015942	0.014505	-0.015606	-0.014017	-0.010955	0.016119	0.015596	0.016561	0.016478	0.012551	0.015358	0.014983	0.010559	0.012332	0.016027	-0.010937	-0.011924	-0.016038	-0.011325	0.010694	0.009695	-0.014974	0.012229	-0.010785	-0.014563	0.016027	0.012426	-0.011254	-0.016174	0.016640	-0.012722	-0.011049	-0.010303	0.013365	0.014546	0.015432	-0.014868	-0.010929	-0.013817	0.011993	0.016208	0.016783	0.014073	0.014782	0.009959	0.009898	-0.013824	-0.015959	-0.014395	0.015944	-0.010777	0.014757	-0.011510	-0.015239	0.013600	-0.009762	0.011332	0.015468	-0.016496	0.012418	-0.011754	-0.012422	0.013104	-0.015332	-0.015781	0.014598	0.016334	0.011377	0.011299	0.015236	-0.015922	-0.015308	0.012533	0.011552	-0.012080	0.016764	-0.016884	0.015045	-0.010668	-0.010700	-0.010806	-0.014805	-0.010986	-0.010494	0.011455	0.011144	0.011823	-0.013440	0.012685	0.016155	-0.011228	-0.015359	-0.015800
-0.014638	0.009377	-0.016493	0.008190	0.014770	0.013951	0.016288	0.012489	0.012545	0.010654	-0.010762	0.012187	0.003847	0.008228	-0.016907	0.012946	0.016086	0.011729	-0.015886	-0.011769	0.017248	0.012608	-0.011917	0.009900	0.014208	-0.014935	-0.008727	0.015487	-0.016520	-0.008905	-0.010510	0.010573	0.014877	0.008943	-0.015094	-0.017708	-0.011041	-0.017724	0.016628	0.014395	0.013178	-0.017087	0.013002	-0.016893	0.008813	0.010056	0.016860	-0.008715	0.017204	-0.017665	-0.015842	-0.016885	0.011530	-0.017212	-0.013329	-0.016052	-0.016794	-0.015481	-0.009684	0.009349	0.016070	-0.010030	-0.009528	-0.016705	0.015984	0.016746	-0.016962	0.016736	-0.010872	-0.015952	0.011648	0.016866	0.014079	-0.017129	-0.016432	-0.016465	-0.016081	-0.013742	-0.016372	-0.016020	-0.016977	0.015832	-0.011392	-0.011133	-0.016177	-0.009424	0.011261	0.013358	-0.016808	-0.007553	-0.016849	0.009730	0.008401	0.017019	-0.017285	0.010727	0.010602	-0.010688	0.016762	-0.016598	-0.011290	-0.010502	0.016498	0.014348	0.010724	0.015334	-0.010067	-0.012496	0.012953	-0.017020	-0.013429	-0.014673	0.016208	0.017302	0.016553	0.016236	0.010326	0.017097	0.015995	0.013474	0.015252	0.016313	-0.014241	-0.012429	-0.016944	-0.014446	0.011419	0.009464	-0.017677	0.016725	-0.013738	-0.014406	0.015829	0.014286	-0.010979	-0.017680	0.016614	-0.006798	-0.015558	-0.016723	0.013573	0.015787	0.014817	-0.016386	-0.013707	-0.016883	0.008943	0.015545	0.017401	0.016618	0.016742	0.009609	0.008740	-0.011325	-0.015877	-0.016760	0.016357	-0.014515	0.017028	-0.009682	-0.013975	0.010887	-0.009138	0.016468	0.010992	-0.016261	0.009173	-0.009185	-0.011488	0.009198	-0.016665	-0.016429	0.011203	0.017101	0.013798	0.010046	0.016565	-0.016305	-0.016640	0.010039	0.016209	-0.010388	0.017212	-0.012444	0.016824	-0.011243	-0.015963	-0.010663	-0.012537	-0.009431	-0.009874	0.015411	0.010909	0.010253	-0.011051	0.009356	0.016870	-0.009328	-0.013738	-0.016720
-0.011809	0.010620	-0.015884	0.011390	0.011299	0.012169	0.015088	0.010369	0.014452	0.011681	-0.011674	0.016475	0.002077	0.014543	-0.015562	0.011114	0.016407	0.008865	-0.016059	-0.014017	0.015903	0.016723	-0.013604	0.012816	0.014987	-0.010316	-0.011152	0.016290	-0.015847	-0.013950	-0.013365	0.011668	0.015214	0.012168	-0.010101	-0.015370	-0.012705	-0.015647	0.015962	0.011327	0.011019	-0.015816	0.013919	-0.016295	0.014596	0.010378	0.016294	-0.011924	0.015197	-0.015723	-0.014048	-0.015823	0.011047	-0.013031	-0.013430	-0.014940	-0.016093	-0.013562	-0.010034	0.013780	0.016163	-0.011256	-0.011621	-0.014943	0.010255	0.015416	-0.015236	0.015965	-0.015356	-0.014568	0.009163	0.015678	0.009976	-0.015000	-0.014950	-0.010851	-0.009440	-0.013132	-0.014818	-0.014349	-0.017436	0.016936	-0.012308	-0.011338	-0.012436	-0.010464	0.012538	0.015782	-0.015852	-0.011227	-0.016323	0.014363	0.013414	0.014414	-0.015772	0.011152	0.011199	-0.011079	0.015036	-0.015360	-0.011306	-0.010981	0.015527	0.012577	0.012123	0.015875	-0.013052	-0.014264	0.015043	-0.014434	-0.015824	-0.012734	0.015855	0.015101	0.016178	0.015599	0.014061	0.014464	0.015837	0.010456	0.010162	0.014151	-0.012411	-0.013988	-0.015310	-0.011001	0.010988	0.011880	-0.016464	0.013378	-0.010856	-0.016233	0.015852	0.009948	-0.012528	-0.015029	0.014131	-0.013032	-0.011007	-0.014474	0.016939	0.016536	0.015614	-0.014522	-0.010779	-0.015848	0.011619	0.016332	0.016470	0.015926	0.014546	0.010485	0.012844	-0.010975	-0.015683	-0.014444	0.014035	-0.010195	0.015891	-0.012972	-0.013892	0.011697	-0.013425	0.014010	0.017219	-0.015266	0.012114	-0.011427	-0.011641	0.012011	-0.014632	-0.014934	0.012815	0.016137	0.014829	0.011111	0.013709	-0.014362	-0.014289	0.011509	0.016535	-0.011469	0.014217	-0.016519	0.015939	-0.010198	-0.012213	-0.013934	-0.016797	-0.008717	-0.010312	0.012821	0.008621	0.008634	-0.012520	0.014182	0.014658	-0.013666	-0.014084	-0.015915
-0.011652	0.012318	-0.014774	0.011055	0.011566	0.010335	0.013995	0.011803	0.015507	0.010868	-0.012101	0.015485	-0.000564	0.012911	-0.014649	0.011759	0.015974	0.010995	-0.015083	-0.016316	0.012555	0.015976	-0.011461	0.014550	0.015501	-0.011252	-0.013811	0.015214	-0.014388	-0.013496	-0.010191	0.012014	0.015951	0.011627	-0.011825	-0.015268	-0.009584	-0.015222	0.014318	0.009574	0.011699	-0.014486	0.016988	-0.014838	0.012404	0.010897	0.014421	-0.011431	0.014417	-0.016740	-0.015252	-0.016441	0.009725	-0.015135	-0.015294	-0.013963	-0.015186	-0.014559	-0.012414	0.011596	0.016372	-0.013154	-0.012765	-0.014849	0.012890	0.015294	-0.014638	0.014771	-0.011326	-0.013939	0.012537	0.015495	0.009885	-0.015561	-0.014105	-0.009777	-0.012461	-0.011432	-0.014717	-0.014557	-0.014874	0.014861	-0.009786	-0.009658	-0.015147	-0.009976	0.012432	0.015784	-0.016433	-0.013298	-0.014819	0.010792	0.012707	0.015201	-0.015483	0.012174	0.012567	-0.011726	0.014153	-0.014527	-0.010788	-0.012225	0.015500	0.011077	0.013793	0.015886	-0.011173	-0.015783	0.013138	-0.015390	-0.014442	-0.011435	0.014815	0.015804	0.016521	0.014566	0.014350	0.015266	0.014419	0.011164	0.012416	0.015676	-0.011734	-0.008882	-0.015158	-0.011156	0.012196	0.011977	-0.015306	0.010135	-0.009901	-0.013892	0.015377	0.012216	-0.010350	-0.014845	0.015814	-0.014113	-0.010269	-0.008943	0.012626	0.014479	0.013827	-0.015104	-0.011661	-0.012554	0.014418	0.015527	0.014936	0.013577	0.014113	0.012559	0.012093	-0.015351	-0.015445	-0.014224	0.014694	-0.010419	0.013212	-0.013051	-0.015758	0.011899	-0.010291	0.009166	0.014860	-0.014677	0.011994	-0.013066	-0.012990	0.012230	-0.014913	-0.014830	0.015545	0.015752	0.010214	0.013439	0.015028	-0.015183	-0.015737	0.013349	0.010667	-0.013114	0.017500	-0.015005	0.015606	-0.012674	-0.010446	-0.011848	-0.015351	-0.010986	-0.013064	0.012620	0.012469	0.012246	-0.015851	0.015658	0.014524	-0.011847	-0.014712	-0.015459
-0.009496	0.010341	-0.014917	0.011337	0.010323	0.011219	0.013948	0.012140	0.015687	0.012374	-0.009676	0.016744	0.001836	0.013770	-0.014626	0.010006	0.015104	0.010465	-0.015778	-0.013836	0.014589	0.017982	-0.012378	0.012314	0.015878	-0.010948	-0.011297	0.015645	-0.015864	-0.014747	-0.013499	0.010542	0.014589	0.010060	-0.007762	-0.014818	-0.016301	-0.014732	0.015502	0.011726	0.010714	-0.015015	0.014695	-0.015288	0.013271	0.011508	0.015991	-0.010933	0.016999	-0.014775	-0.013178	-0.015428	0.010670	-0.014986	-0.010606	-0.014464	-0.015230	-0.012790	-0.010308	0.014054	0.016212	-0.009852	-0.010461	-0.013787	0.009397	0.014032	-0.015351	0.015588	-0.014788	-0.014790	0.010198	0.014620	0.011350	-0.016015	-0.014338	-0.012207	-0.009899	-0.013679	-0.013591	-0.014765	-0.015904	0.015750	-0.012532	-0.011912	-0.014210	-0.009107	0.012952	0.015506	-0.014447	-0.009852	-0.016269	0.013378	0.013584	0.015580	-0.015621	0.014378	0.010732	-0.011963	0.014682	-0.014609	-0.009508	-0.013267	0.014991	0.011549	0.010516	0.015230	-0.013539	-0.014611	0.015794	-0.014920	-0.016290	-0.011183	0.015941	0.015899	0.016278	0.016340	0.015099	0.013925	0.015914	0.008364	0.011126	0.013181	-0.013024	-0.015217	-0.015907	-0.010766	0.010050	0.011721	-0.015984	0.015203	-0.011777	-0.015851	0.014526	0.009644	-0.013374	-0.015048	0.013972	-0.008627	-0.011989	-0.015082	0.016494	0.015328	0.015432	-0.013213	-0.009586	-0.015182	0.010240	0.016160	0.014972	0.015441	0.014785	0.012803	0.010741	-0.010303	-0.015228	-0.013861	0.013520	-0.009414	0.015698	-0.012907	-0.013354	0.009628	-0.013065	0.014631	0.016036	-0.015090	0.013858	-0.011325	-0.009127	0.013504	-0.014439	-0.014955	0.012038	0.014647	0.014499	0.011047	0.012068	-0.013182	-0.013734	0.011163	0.015848	-0.011769	0.014166	-0.017079	0.014568	-0.009277	-0.010094	-0.011456	-0.016336	-0.011625	-0.011152	0.011349	0.009358	0.009139	-0.011984	0.012662	0.013881	-0.015205	-0.012906	-0.015206
-0.011003	0.011277	-0.014904	0.010962	0.011001	0.010582	0.014464	0.013547	0.015385	0.009969	-0.010637	0.015784	0.001119	0.011430	-0.014396	0.011282	0.015675	0.013136	-0.014287	-0.014306	0.015293	0.016365	-0.013155	0.011042	0.014445	-0.012871	-0.010665	0.013978	-0.015425	-0.012838	-0.014691	0.012541	0.013963	0.011461	-0.012322	-0.015343	-0.014841	-0.014631	0.014526	0.011904	0.010037	-0.014925	0.015094	-0.015319	0.010377	0.010915	0.013917	-0.011595	0.015452	-0.015512	-0.013923	-0.014630	0.012531	-0.015953	-0.011664	-0.015142	-0.015085	-0.014199	-0.014179	0.012976	0.016283	-0.012760	-0.013611	-0.014415	0.011450	0.014208	-0.014595	0.015426	-0.014577	-0.015248	0.012330	0.015106	0.012468	-0.015447	-0.014878	-0.014641	-0.012524	-0.012801	-0.013805	-0.014472	-0.016949	0.015956	-0.013152	-0.011513	-0.015037	-0.010947	0.015866	0.014998	-0.015469	-0.010917	-0.015386	0.011888	0.012105	0.015530	-0.015599	0.012477	0.012692	-0.010664	0.015070	-0.013968	-0.012679	-0.015066	0.014022	0.013614	0.012636	0.014380	-0.012381	-0.014140	0.015843	-0.015504	-0.015223	-0.011692	0.015130	0.015367	0.016048	0.013999	0.014598	0.015711	0.014606	0.012682	0.010269	0.014299	-0.011507	-0.014992	-0.014863	-0.012579	0.012486	0.010928	-0.016159	0.015405	-0.011526	-0.015058	0.013956	0.010653	-0.013147	-0.015810	0.014104	-0.010544	-0.012979	-0.015881	0.015471	0.014238	0.014168	-0.014400	-0.011923	-0.015092	0.012857	0.015437	0.015411	0.014531	0.014197	0.012714	0.010155	-0.011947	-0.015253	-0.014508	0.014419	-0.011500	0.015954	-0.013103	-0.015059	0.011991	-0.013375	0.015250	0.014665	-0.014045	0.013244	-0.014242	-0.012068	0.011514	-0.014773	-0.013877	0.013401	0.014595	0.013486	0.011726	0.013217	-0.014335	-0.013497	0.012853	0.015879	-0.011129	0.015547	-0.015320	0.015311	-0.014459	-0.013369	-0.012041	-0.016086	-0.010843	-0.011848	0.012435	0.012124	0.010281	-0.013838	0.013901	0.013440	-0.013659	-0.013864	-0.015664
-0.007002	0.007747	-0.013365	0.012216	0.010386	0.009624	0.012348	0.009160	0.010553	0.015322	-0.009441	0.016078	-0.007939	0.005282	-0.013701	0.008749	0.014330	0.014394	-0.013737	-0.011657	0.017294	0.018700	-0.011628	0.011048	0.016277	-0.015020	-0.007477	0.012292	-0.015921	-0.008912	-0.022689	0.011828	0.013394	0.010102	-0.010123	-0.015062	-0.016626	-0.014040	0.014073	0.008685	0.005096	-0.016957	0.017935	-0.017618	0.003609	0.012049	0.015880	-0.015612	0.017430	-0.013271	-0.011321	-0.013046	0.012879	-0.019551	-0.009697	-0.012874	-0.016844	-0.016710	-0.016957	0.014970	0.015023	-0.008065	-0.015302	-0.016466	0.009027	0.012604	-0.019510	0.014047	-0.011929	-0.012517	0.016375	0.016686	0.009775	-0.012952	-0.019305	-0.016100	-0.010039	-0.011194	-0.015669	-0.016310	-0.016560	0.015681	-0.016812	-0.011074	-0.019802	-0.018138	0.022329	0.015784	-0.015858	-0.011083	-0.018742	0.012809	0.005320	0.015089	-0.007372	0.016439	0.015488	-0.011252	0.014705	-0.014841	-0.014094	-0.015868	0.012597	0.015990	0.010817	0.015723	-0.012347	-0.019570	0.025456	-0.014633	-0.015938	-0.013309	0.015808	0.015035	0.016416	0.017047	0.009099	0.018108	0.013334	0.011572	0.008921	0.015246	-0.008508	-0.021733	-0.013669	-0.010563	0.010484	0.010627	-0.015618	0.017553	-0.013780	-0.015157	0.013558	0.010207	-0.016483	-0.014913	0.015869	-0.000921	-0.016789	-0.027408	0.015418	0.011047	0.015712	-0.015581	-0.012554	-0.012708	0.012891	0.018222	0.015872	0.011466	0.016355	0.014891	0.006645	-0.007691	-0.015589	-0.010688	0.011867	-0.013769	0.016655	-0.010159	-0.016092	0.013704	-0.017232	0.021795	0.016012	-0.014414	0.010946	-0.016265	-0.011331	0.008497	-0.013240	-0.011894	0.012287	0.013128	0.009224	0.008560	0.009653	-0.014254	-0.008733	0.014214	0.017218	-0.008254	0.017344	-0.017056	0.013305	-0.017036	-0.019702	-0.010175	-0.016266	-0.009689	-0.013992	0.007919	0.014988	0.010643	-0.014731	0.009396	0.014611	-0.012262	-0.012219	-0.015253
-0.007991	0.008451	-0.023825	0.011427	0.013318	0.018624	0.014211	0.008653	0.015359	0.021735	-0.020682	0.022818	-0.005555	0.021958	-0.016362	0.018805	0.023207	0.000949	-0.024698	-0.013907	0.017304	0.021865	-0.020044	0.014619	0.020779	-0.013308	-0.016747	0.021566	-0.020444	-0.021385	-0.005964	0.008371	0.014213	0.013566	-0.000883	-0.015941	-0.011848	-0.014758	0.021411	0.006964	0.011904	-0.017877	0.015433	-0.020060	0.023310	0.010947	0.020869	-0.007596	0.019148	-0.018205	-0.016169	-0.020490	0.001395	-0.001941	-0.016889	-0.019941	-0.017582	-0.013246	0.003298	0.016753	0.018544	-0.005962	-0.007898	-0.011618	0.006571	0.017838	-0.019594	0.022995	-0.016479	-0.014767	0.004187	0.016132	0.005024	-0.022250	-0.013282	-0.015232	-0.002250	-0.022628	-0.013252	-0.011556	-0.020839	0.019492	-0.014923	-0.008259	0.000525	-0.011765	0.002544	0.021343	-0.017926	-0.003037	-0.021298	0.022891	0.018866	0.019367	-0.024304	0.024522	-0.006000	-0.004392	0.014231	-0.017612	0.001742	-0.002685	0.021179	0.007953	0.021257	0.020702	-0.008489	-0.016056	0.012812	-0.016600	-0.021475	-0.018622	0.021968	0.016544	0.020524	0.022095	0.023249	0.007672	0.019742	0.007042	0.010378	0.013141	-0.016931	-0.013207	-0.020039	-0.012462	0.010706	0.016072	-0.020504	0.016184	-0.009072	-0.021921	0.018335	-0.002075	-0.006112	-0.013648	0.016487	-0.020679	-0.016115	-0.014939	0.017694	0.023831	0.019932	-0.009243	-0.008927	-0.016661	0.005519	0.019611	0.017818	0.021103	0.014786	0.018062	0.018629	-0.008168	-0.018358	-0.013639	0.013310	-0.005548	0.021436	-0.018382	-0.007832	0.010578	-0.021869	0.016042	0.022160	-0.019344	0.012707	-0.002730	0.000262	0.018229	-0.020684	-0.018606	0.009515	0.019117	0.023830	0.010272	0.010897	-0.006305	-0.015189	0.012070	0.020470	-0.017257	0.014996	-0.020773	0.019133	-0.011628	-0.013506	-0.011735	-0.018738	-0.017911	-0.003614	0.022009	0.003784	-0.003679	-0.017239	0.021291	0.014320	-0.018800	-0.010221	-0.018059
-0.011037	0.007141	-0.016399	0.011862	0.007466	0.007110	0.015477	0.008658	0.014790	0.002139	-0.014596	0.019018	0.006165	0.010365	-0.015728	0.011762	0.017981	0.014809	-0.016751	-0.016063	0.021896	0.021396	-0.011331	0.010430	0.016674	-0.015574	-0.008830	0.015277	-0.018666	-0.005662	-0.017958	0.013824	0.017650	0.007099	-0.009037	-0.018203	-0.017511	-0.015532	0.016744	0.004940	0.008688	-0.016686	0.016671	-0.016937	0.006682	0.013804	0.020186	-0.009701	0.020323	-0.016469	-0.016118	-0.014917	0.011726	-0.010338	-0.010301	-0.017375	-0.017614	-0.019520	-0.011022	0.011660	0.016049	-0.013001	-0.010829	-0.013925	0.011150	0.016444	-0.018572	0.017488	-0.021595	-0.016718	0.016021	0.017189	0.008222	-0.017848	-0.018518	-0.020458	-0.010145	-0.011024	-0.017154	-0.015885	-0.021941	0.018263	-0.017871	-0.013350	-0.013494	-0.004363	0.016397	0.021825	-0.016704	-0.005606	-0.017955	0.014132	0.006208	0.015712	-0.014777	0.014703	0.013483	-0.005960	0.021751	-0.015573	-0.012868	-0.017667	0.016656	0.010176	0.006426	0.015183	-0.012685	-0.017185	0.019849	-0.017697	-0.017931	-0.012919	0.018363	0.017726	0.017815	0.017808	0.015976	0.018619	0.019249	0.010197	0.009871	0.020281	-0.006468	-0.018492	-0.017243	-0.013922	0.008450	-0.000394	-0.018799	0.019515	-0.010104	-0.019168	0.015578	0.004920	-0.016801	-0.018153	0.020265	-0.002689	-0.005211	-0.018924	0.014304	0.015397	0.015456	-0.017583	-0.008957	-0.016278	0.009252	0.021505	0.021156	0.015546	0.019197	0.011141	0.007953	-0.006711	-0.017490	-0.014700	0.013429	-0.010887	0.020430	-0.017331	-0.016411	0.017204	-0.015127	0.016620	0.017252	-0.018216	0.013829	-0.005545	-0.009722	0.012044	-0.017138	-0.016908	0.014904	0.016673	0.012636	0.004763	0.014861	-0.015124	-0.017144	0.007351	0.013035	-0.014045	0.017351	-0.019182	0.018183	-0.013802	-0.011523	-0.007844	-0.015967	-0.004408	-0.012261	0.006065	0.013821	0.006918	-0.011188	0.010898	0.016889	-0.011947	-0.014993	-0.016335
-0.009197	0.012474	-0.018189	0.010380	0.010640	0.008083	0.018752	0.003224	0.015971	0.011970	-0.010544	0.018459	0.003258	0.011368	-0.016623	0.009981	0.016588	0.010148	-0.016395	-0.016132	0.017186	0.016771	-0.011252	0.014020	0.018789	-0.010912	-0.009402	0.015450	-0.016345	-0.011856	-0.016922	0.011711	0.017483	0.007119	-0.012951	-0.018295	-0.013670	-0.017024	0.016180	0.011395	0.008045	-0.016696	0.018333	-0.018950	0.009120	0.009899	0.017622	-0.011441	0.018182	-0.017482	-0.017120	-0.017883	0.011657	-0.020250	-0.014778	-0.017939	-0.017956	-0.015429	-0.010665	0.011725	0.018232	-0.009887	-0.009179	-0.016062	0.013423	0.016785	-0.019805	0.015568	-0.014621	-0.014092	0.010480	0.018361	0.013107	-0.016541	-0.017584	-0.012450	-0.014529	-0.008799	-0.018428	-0.017076	-0.014519	0.016522	-0.010856	-0.011354	-0.020889	-0.007440	0.018246	0.016017	-0.019434	-0.006919	-0.017394	0.011305	0.010303	0.019473	-0.017171	0.010570	0.011777	-0.007663	0.015783	-0.016742	-0.012721	-0.011796	0.017450	0.013116	0.011499	0.018734	-0.010057	-0.018809	0.019913	-0.017193	-0.016229	-0.009809	0.016538	0.016696	0.019216	0.016406	0.011926	0.017577	0.015614	0.006846	0.009119	0.015951	-0.010597	-0.012193	-0.016324	-0.009161	0.009107	0.006577	-0.015276	0.011987	-0.008208	-0.016995	0.016108	0.011308	-0.012388	-0.017487	0.016857	-0.007818	-0.009823	-0.012193	0.019460	0.016997	0.017093	-0.016285	-0.011332	-0.016222	0.011944	0.018565	0.016543	0.015323	0.016389	0.012018	0.007432	-0.011139	-0.017940	-0.015566	0.016154	-0.010696	0.016166	-0.009301	-0.020308	0.011742	-0.011296	0.015102	0.016131	-0.017290	0.010649	-0.008576	-0.011418	0.007009	-0.015459	-0.015233	0.016174	0.015928	0.006026	0.009656	0.015839	-0.016852	-0.014549	0.007821	0.016037	-0.014478	0.017861	-0.016644	0.018527	-0.010227	-0.010576	-0.009615	-0.018428	-0.012115	-0.011543	0.014723	0.014537	0.019556	-0.010900	0.010441	0.017025	-0.013563	-0.015669	-0.017907
-0.012632	0.020042	-0.011413	0.007790	0.013368	0.010599	0.015499	0.016685	0.016919	0.018372	-0.004267	0.019651	-0.015806	0.021195	-0.012173	0.005288	0.010729	0.009022	-0.010700	-0.010202	0.012677	0.023810	-0.006564	0.018005	0.016726	-0.010368	-0.013363	0.009788	-0.014375	-0.022093	-0.012323	0.013504	0.017418	0.013112	-0.010320	-0.013579	-0.014889	-0.019095	0.012671	0.016056	0.011368	-0.010062	0.019144	-0.016384	0.018014	0.009325	0.011322	-0.004487	0.020990	-0.013988	-0.016712	-0.013580	0.019262	-0.022482	-0.019619	-0.013744	-0.019382	-0.015624	-0.023446	0.026131	0.028771	-0.017725	-0.013976	-0.015177	0.012030	0.011295	-0.011478	0.013924	-0.018607	-0.011342	0.017106	0.013412	0.014448	-0.015860	-0.013541	-0.011810	-0.014193	-0.015449	-0.011142	-0.012381	-0.017414	0.011503	-0.012559	-0.011306	-0.022062	-0.018503	0.016859	0.012159	-0.020375	-0.010422	-0.013623	0.021838	0.017239	0.021901	-0.011504	0.013114	0.012142	-0.009949	0.011927	-0.018404	-0.020775	-0.019810	0.010568	0.011703	0.013727	0.016951	-0.018033	-0.012117	0.018368	-0.010822	-0.017070	-0.006024	0.012136	0.014121	0.014892	0.015696	0.021001	0.011872	0.015583	0.006151	0.019732	0.008664	-0.013382	-0.019761	-0.010195	-0.006970	0.013460	0.012992	-0.010795	0.011207	-0.011856	-0.013707	0.011435	0.006542	-0.018054	-0.011530	0.013200	-0.015133	-0.003809	-0.010236	0.021126	0.013894	0.015290	-0.015556	-0.010067	-0.015119	0.011531	0.016352	0.016591	0.015020	0.012519	0.021294	0.015311	-0.012507	-0.017954	-0.008006	0.005472	-0.008344	0.010193	-0.013461	-0.017523	0.007144	-0.008292	0.015007	0.016668	-0.014049	0.025820	-0.017715	-0.015317	0.016590	-0.009297	-0.009498	0.013530	0.013188	0.020657	0.012757	0.011747	-0.010192	-0.011480	0.010176	0.010523	-0.010160	0.014064	-0.021367	0.013782	-0.005155	-0.009751	-0.020812	-0.021130	-0.017812	-0.007940	0.014440	0.014960	0.012908	-0.013957	0.013777	0.009058	-0.017525	-0.013103	-0.014710
